temperature in Â°C,description,date
12.64,Clouds,2024-05-27T02:38:33.991Z
12.48,Clear,2024-05-27T01:36:44.474Z
12.64,Clear,2024-05-26T23:26:08.131Z
12.82,Clear,2024-05-26T22:27:22.485Z
13.11,Clear,2024-05-26T21:24:27.305Z
13.8,Clear,2024-05-26T20:24:14.701Z
14.74,Clear,2024-05-26T19:22:43.354Z
15.33,Clouds,2024-05-26T18:29:14.016Z
15.04,Rain,2024-05-26T17:27:34.046Z
19.02,Rain,2024-05-26T16:30:18.055Z
20.45,Clouds,2024-05-26T15:26:45.111Z
18.64,Clouds,2024-05-26T14:26:06.462Z
18.39,Clouds,2024-05-26T13:24:08.347Z
18.38,Clouds,2024-05-26T12:41:50.023Z
18.94,Drizzle,2024-05-26T11:22:55.516Z
19.35,Clouds,2024-05-26T10:31:54.576Z
19.28,Clouds,2024-05-26T09:26:16.740Z
18.59,Clear,2024-05-26T08:28:32.126Z
17.24,Clear,2024-05-26T07:23:06.260Z
15.9,Clear,2024-05-26T06:30:20.654Z
14.02,Clear,2024-05-26T05:27:14.904Z
12.76,Clear,2024-05-26T04:31:43.135Z
12.38,Clear,2024-05-26T03:27:39.994Z
11.81,Clear,2024-05-26T02:39:17.724Z
11.27,Clear,2024-05-26T01:40:32.219Z
12.02,Clear,2024-05-25T23:24:18.405Z
12.16,Fog,2024-05-25T22:28:04.262Z
12.61,Fog,2024-05-25T21:22:47.258Z
13.34,Clear,2024-05-25T20:24:31.632Z
14.61,Clouds,2024-05-25T19:22:35.890Z
15.35,Clouds,2024-05-25T18:29:28.557Z
16.36,Clouds,2024-05-25T17:28:24.999Z
16.59,Clouds,2024-05-25T16:30:38.095Z
16.45,Clouds,2024-05-25T15:26:42.941Z
16.1,Clouds,2024-05-25T14:27:23.116Z
16.26,Rain,2024-05-25T13:24:06.356Z
17.16,Rain,2024-05-25T12:42:16.058Z
17.61,Clouds,2024-05-25T11:22:39.280Z
17.34,Clouds,2024-05-25T10:32:00.195Z
16.77,Clouds,2024-05-25T09:25:23.186Z
16.28,Clouds,2024-05-25T08:28:52.165Z
15.67,Drizzle,2024-05-25T07:22:53.626Z
15.01,Drizzle,2024-05-25T06:32:09.099Z
14.47,Clouds,2024-05-25T05:27:40.514Z
14.2,Mist,2024-05-25T04:29:30.423Z
14.25,Rain,2024-05-25T03:29:44.376Z
14.18,Rain,2024-05-25T02:34:56.176Z
14.16,Drizzle,2024-05-25T01:33:28.577Z
14.44,Rain,2024-05-24T23:24:05.164Z
14.62,Drizzle,2024-05-24T22:28:19.431Z
14.79,Rain,2024-05-24T21:24:11.720Z
14.95,Rain,2024-05-24T20:25:42.933Z
15.17,Drizzle,2024-05-24T19:22:54.077Z
15.27,Clouds,2024-05-24T18:30:37.766Z
15.44,Clouds,2024-05-24T17:29:09.710Z
15.93,Clouds,2024-05-24T16:29:56.071Z
16.38,Rain,2024-05-24T15:26:52.851Z
16.95,Rain,2024-05-24T14:28:19.118Z
17.41,Rain,2024-05-24T13:26:38.850Z
17.95,Rain,2024-05-24T12:44:07.205Z
18.96,Rain,2024-05-24T11:23:54.575Z
18.95,Clouds,2024-05-24T10:31:16.024Z
18.22,Clouds,2024-05-24T09:26:11.336Z
17.58,Clear,2024-05-24T08:29:25.314Z
16.51,Clear,2024-05-24T07:23:11.757Z
15.35,Clear,2024-05-24T06:31:55.913Z
13.47,Clear,2024-05-24T05:28:21.607Z
11.92,Fog,2024-05-24T04:30:20.289Z
11.84,Clear,2024-05-24T03:27:28.601Z
11.8,Clear,2024-05-24T02:36:15.212Z
12.16,Clouds,2024-05-24T01:34:46.417Z
13.43,Clouds,2024-05-23T23:25:17.373Z
13.54,Clouds,2024-05-23T22:28:37.654Z
14.15,Clear,2024-05-23T21:24:51.779Z
14.84,Clear,2024-05-23T20:26:04.026Z
16.18,Clear,2024-05-23T19:23:06.161Z
17.38,Clouds,2024-05-23T18:30:19.273Z
18.3,Clouds,2024-05-23T17:29:20.111Z
18.67,Clouds,2024-05-23T16:32:27.530Z
18.75,Clouds,2024-05-23T15:27:05.213Z
18.81,Clouds,2024-05-23T14:28:29.230Z
18.82,Clouds,2024-05-23T13:26:09.057Z
19.06,Clouds,2024-05-23T12:43:42.686Z
18.06,Clouds,2024-05-23T11:23:13.469Z
17.39,Clouds,2024-05-23T10:31:22.198Z
16.42,Clouds,2024-05-23T09:26:44.759Z
15.33,Clouds,2024-05-23T08:29:14.655Z
14.7,Clouds,2024-05-23T07:23:54.183Z
14.24,Clouds,2024-05-23T06:32:49.582Z
14.08,Clouds,2024-05-23T05:29:56.735Z
13.93,Clouds,2024-05-23T04:29:00.655Z
13.92,Clouds,2024-05-23T03:27:45.724Z
13.84,Clouds,2024-05-23T02:36:28.495Z
13.64,Clouds,2024-05-23T01:33:59.161Z
14.04,Clouds,2024-05-22T23:26:24.621Z
14.45,Clouds,2024-05-22T22:27:55.148Z
14.87,Clouds,2024-05-22T21:26:00.867Z
15.52,Clouds,2024-05-22T20:25:55.675Z
16.47,Clouds,2024-05-22T19:22:37.599Z
17.06,Clouds,2024-05-22T18:30:53.453Z
17.9,Clouds,2024-05-22T17:27:11.905Z
18.15,Clouds,2024-05-22T16:32:47.854Z
18.19,Clouds,2024-05-22T15:27:29.480Z
17.71,Clouds,2024-05-22T14:28:19.904Z
17.04,Clouds,2024-05-22T13:27:04.316Z
16.82,Clouds,2024-05-22T12:44:51.662Z
16.19,Clouds,2024-05-22T11:25:10.127Z
15.28,Drizzle,2024-05-22T10:30:32.611Z
15.52,Clouds,2024-05-22T09:27:46.738Z
15.16,Clouds,2024-05-22T08:30:33.006Z
14.64,Drizzle,2024-05-22T07:25:04.711Z
14.16,Drizzle,2024-05-22T06:31:38.110Z
14.24,Drizzle,2024-05-22T05:30:11.798Z
14.05,Clouds,2024-05-22T04:30:04.495Z
14,Clouds,2024-05-22T03:29:04.517Z
14.09,Clouds,2024-05-22T02:36:32.261Z
14.07,Clouds,2024-05-22T01:34:51.900Z
14.31,Rain,2024-05-21T23:25:35.437Z
14.54,Rain,2024-05-21T22:28:12.788Z
14.86,Rain,2024-05-21T21:23:54.090Z
15.3,Rain,2024-05-21T20:26:22.058Z
15.54,Rain,2024-05-21T19:22:39.126Z
15.7,Clouds,2024-05-21T18:30:20.113Z
16,Clouds,2024-05-21T17:27:05.798Z
19.37,Rain,2024-05-21T16:31:09.475Z
22.91,Clouds,2024-05-21T15:27:05.074Z
23.47,Clouds,2024-05-21T14:28:38.773Z
23.48,Clouds,2024-05-21T13:29:01.295Z
23.49,Clouds,2024-05-21T12:44:53.460Z
23.28,Clouds,2024-05-21T11:24:06.439Z
22.28,Clear,2024-05-21T10:30:13.153Z
21.25,Clear,2024-05-21T09:27:00.810Z
20.07,Clear,2024-05-21T08:29:36.921Z
18.52,Clear,2024-05-21T07:23:59.258Z
17.21,Clear,2024-05-21T06:32:23.328Z
14.95,Clear,2024-05-21T05:28:43.673Z
13.71,Fog,2024-05-21T04:28:56.429Z
13.37,Fog,2024-05-21T03:29:27.521Z
13.32,Fog,2024-05-21T02:36:13.324Z
13.49,Fog,2024-05-21T01:34:07.311Z
14.65,Clear,2024-05-20T23:25:54.535Z
15.16,Clear,2024-05-20T22:28:36.388Z
15.9,Clear,2024-05-20T21:24:26.088Z
16.59,Clouds,2024-05-20T20:25:44.531Z
17.14,Clouds,2024-05-20T19:22:37.538Z
17.99,Clouds,2024-05-20T18:30:28.778Z
17.8,Clouds,2024-05-20T17:28:39.097Z
17.5,Clouds,2024-05-20T16:32:35.186Z
18.41,Clouds,2024-05-20T15:27:48.145Z
18.83,Clouds,2024-05-20T14:29:10.535Z
19.68,Clouds,2024-05-20T13:27:28.114Z
19.45,Clouds,2024-05-20T12:45:17.073Z
19.39,Clouds,2024-05-20T11:24:00.617Z
18.09,Clouds,2024-05-20T10:31:13.111Z
16.93,Clouds,2024-05-20T09:28:16.743Z
15.98,Clouds,2024-05-20T08:29:48.584Z
15.08,Clouds,2024-05-20T07:24:39.559Z
14.45,Clouds,2024-05-20T06:32:04.409Z
14.03,Clouds,2024-05-20T05:29:21.358Z
13.7,Clouds,2024-05-20T04:29:47.174Z
13.77,Clouds,2024-05-20T03:27:49.410Z
13.92,Clouds,2024-05-20T02:39:22.571Z
13.74,Clear,2024-05-20T01:34:57.069Z
13.98,Clear,2024-05-19T23:27:42.850Z
14.84,Clear,2024-05-19T22:29:24.204Z
15.13,Clear,2024-05-19T21:23:42.074Z
16.01,Clear,2024-05-19T20:25:52.655Z
16.74,Clear,2024-05-19T19:22:44.714Z
18.69,Clear,2024-05-19T18:29:05.958Z
20.48,Clear,2024-05-19T17:26:46.503Z
20.93,Clear,2024-05-19T16:30:15.429Z
21.57,Clear,2024-05-19T15:25:09.041Z
22.09,Clouds,2024-05-19T14:27:21.392Z
21.83,Clouds,2024-05-19T13:23:52.754Z
21.59,Clouds,2024-05-19T12:41:53.159Z
21.81,Clouds,2024-05-19T11:22:54.931Z
21.38,Clouds,2024-05-19T10:28:28.098Z
20.32,Clear,2024-05-19T09:25:41.950Z
19.15,Clear,2024-05-19T08:27:40.907Z
17.49,Clear,2024-05-19T07:22:40.789Z
16.21,Clear,2024-05-19T06:30:02.138Z
14.29,Clear,2024-05-19T05:28:04.120Z
13.32,Fog,2024-05-19T04:29:37.833Z
13.14,Fog,2024-05-19T03:28:09.827Z
13.43,Fog,2024-05-19T02:37:27.160Z
13.76,Fog,2024-05-19T01:39:14.138Z
14.43,Mist,2024-05-18T23:23:58.816Z
14.68,Clear,2024-05-18T22:28:06.145Z
15.5,Clear,2024-05-18T21:22:38.920Z
16.09,Clear,2024-05-18T20:26:22.747Z
17.24,Clear,2024-05-18T19:22:46.282Z
19.04,Clear,2024-05-18T18:29:17.985Z
20.49,Clouds,2024-05-18T17:26:02.456Z
21.45,Clouds,2024-05-18T16:29:19.196Z
22.34,Clouds,2024-05-18T15:26:17.685Z
22.97,Clouds,2024-05-18T14:26:33.472Z
22.99,Clear,2024-05-18T13:24:26.034Z
22.58,Clear,2024-05-18T12:42:34.326Z
22.72,Clear,2024-05-18T11:22:51.477Z
22.11,Clear,2024-05-18T10:28:22.138Z
20.5,Clear,2024-05-18T09:25:05.206Z
18.53,Clear,2024-05-18T08:28:21.538Z
17.36,Clouds,2024-05-18T07:23:50.437Z
16.08,Clouds,2024-05-18T06:29:28.530Z
14.75,Clouds,2024-05-18T05:27:27.445Z
14.2,Mist,2024-05-18T04:29:06.834Z
14.32,Mist,2024-05-18T03:27:08.251Z
14.21,Mist,2024-05-18T02:34:36.327Z
14.4,Mist,2024-05-18T01:32:56.454Z
14.24,Clouds,2024-05-17T23:25:57.688Z
14.45,Clouds,2024-05-17T22:28:40.660Z
14.61,Clouds,2024-05-17T21:23:34.110Z
14.8,Mist,2024-05-17T20:25:56.499Z
14.97,Mist,2024-05-17T19:22:39.660Z
15.02,Mist,2024-05-17T18:31:20.938Z
15.66,Mist,2024-05-17T17:27:41.207Z
16.42,Clouds,2024-05-17T16:31:32.138Z
17.41,Clouds,2024-05-17T15:26:31.206Z
17.93,Clouds,2024-05-17T14:28:39.689Z
18.37,Clouds,2024-05-17T13:25:51.632Z
18.5,Clouds,2024-05-17T12:43:14.117Z
17.73,Clouds,2024-05-17T11:22:33.751Z
17.12,Clouds,2024-05-17T10:29:54.403Z
16.51,Clouds,2024-05-17T09:27:06.838Z
15.66,Clouds,2024-05-17T08:29:25.452Z
14.6,Clouds,2024-05-17T07:23:00.925Z
14.38,Clouds,2024-05-17T06:31:06.733Z
13.61,Clouds,2024-05-17T05:32:01.209Z
13.37,Clouds,2024-05-17T04:29:06.541Z
13.46,Clouds,2024-05-17T03:27:10.937Z
13.65,Clouds,2024-05-17T02:34:35.588Z
13.32,Clouds,2024-05-17T01:34:05.727Z
13.9,Clouds,2024-05-16T23:24:51.172Z
14,Clouds,2024-05-16T22:29:22.078Z
14.31,Clouds,2024-05-16T21:24:37.198Z
14.6,Clouds,2024-05-16T20:26:27.424Z
15.51,Clouds,2024-05-16T19:22:45.126Z
16.55,Rain,2024-05-16T18:29:44.214Z
17.42,Rain,2024-05-16T17:30:21.097Z
17.88,Clouds,2024-05-16T16:31:08.865Z
18.09,Clouds,2024-05-16T15:25:52.724Z
19.52,Clouds,2024-05-16T14:28:41.858Z
19.92,Clouds,2024-05-16T13:26:54.065Z
19.78,Clouds,2024-05-16T12:44:43.733Z
17.95,Clouds,2024-05-16T11:23:01.670Z
17.47,Clouds,2024-05-16T10:29:53.787Z
16.53,Drizzle,2024-05-16T09:24:10.228Z
15.84,Clouds,2024-05-16T08:24:41.856Z
15.53,Clouds,2024-05-16T07:22:55.952Z
15.13,Drizzle,2024-05-16T06:28:11.416Z
14.5,Clouds,2024-05-16T05:26:07.637Z
14.37,Clouds,2024-05-16T04:24:50.477Z
14.42,Mist,2024-05-16T03:29:15.874Z
14.45,Mist,2024-05-16T02:35:45.817Z
14.66,Mist,2024-05-16T01:33:56.107Z
14.99,Mist,2024-05-15T23:25:44.474Z
15.08,Mist,2024-05-15T22:30:53.565Z
15.13,Drizzle,2024-05-15T21:25:18.098Z
15.14,Clouds,2024-05-15T20:27:58.518Z
15.27,Rain,2024-05-15T19:22:40.393Z
15.34,Rain,2024-05-15T18:30:05.696Z
15.52,Rain,2024-05-15T17:27:30.485Z
16.04,Rain,2024-05-15T16:31:34.975Z
16.98,Rain,2024-05-15T15:25:50.580Z
18.89,Clouds,2024-05-15T14:29:01.888Z
19.62,Clouds,2024-05-15T13:26:34.349Z
19.66,Clouds,2024-05-15T12:44:51.582Z
19.13,Clouds,2024-05-15T11:22:38.142Z
19.59,Clouds,2024-05-15T10:30:06.992Z
19.41,Clouds,2024-05-15T09:26:33.723Z
19.02,Clouds,2024-05-15T08:29:59.735Z
17.82,Clear,2024-05-15T07:23:37.992Z
16.66,Clear,2024-05-15T06:30:50.058Z
15.29,Fog,2024-05-15T05:28:19.938Z
14.27,Fog,2024-05-15T04:29:34.636Z
14.17,Mist,2024-05-15T03:29:42.622Z
14.4,Fog,2024-05-15T02:39:03.948Z
14.97,Fog,2024-05-15T01:35:41.302Z
15.52,Clouds,2024-05-14T23:23:58.929Z
16.09,Clouds,2024-05-14T22:29:26.403Z
16.25,Clouds,2024-05-14T21:24:01.840Z
16.36,Mist,2024-05-14T20:26:44.341Z
17.37,Rain,2024-05-14T19:22:41.165Z
19.3,Clouds,2024-05-14T18:30:27.087Z
21.02,Rain,2024-05-14T17:26:11.059Z
23.79,Clouds,2024-05-14T16:33:11.098Z
25.53,Rain,2024-05-14T15:29:12.014Z
26.8,Clear,2024-05-14T14:28:25.719Z
27.1,Clear,2024-05-14T13:26:28.857Z
26.63,Clear,2024-05-14T12:44:33.560Z
25.84,Clouds,2024-05-14T11:22:58.708Z
25.15,Clear,2024-05-14T10:31:09.483Z
24.14,Clear,2024-05-14T09:25:56.561Z
22.25,Clear,2024-05-14T08:30:38.517Z
20.16,Clear,2024-05-14T07:24:02.126Z
19.21,Clear,2024-05-14T06:32:12.899Z
16.95,Clear,2024-05-14T05:28:41.739Z
15.96,Clear,2024-05-14T04:28:12.650Z
15.85,Clear,2024-05-14T03:28:17.091Z
16.29,Clear,2024-05-14T02:34:11.830Z
16.57,Clear,2024-05-14T01:33:16.936Z
17.05,Clear,2024-05-13T23:24:22.556Z
17.5,Clear,2024-05-13T22:28:46.171Z
17.9,Clear,2024-05-13T21:24:56.104Z
18.37,Clear,2024-05-13T20:26:22.251Z
19.5,Clouds,2024-05-13T19:22:44.583Z
20.34,Clouds,2024-05-13T18:29:10.104Z
20.78,Clouds,2024-05-13T17:26:27.181Z
21.05,Clouds,2024-05-13T16:32:59.593Z
22.45,Clouds,2024-05-13T15:26:28.314Z
22.08,Clouds,2024-05-13T14:28:04.881Z
22.86,Clouds,2024-05-13T13:26:45.411Z
22.59,Clouds,2024-05-13T12:44:09.983Z
23.85,Clouds,2024-05-13T11:22:51.673Z
23.26,Clouds,2024-05-13T10:30:04.872Z
22.13,Clouds,2024-05-13T09:26:00.294Z
21.01,Clear,2024-05-13T08:30:23.998Z
19.65,Clear,2024-05-13T07:23:34.235Z
18.63,Clear,2024-05-13T06:31:52.076Z
17.21,Clear,2024-05-13T05:30:10.199Z
16.62,Clear,2024-05-13T04:30:00.899Z
16.67,Clear,2024-05-13T03:26:52.941Z
16.86,Clear,2024-05-13T02:37:18.455Z
16.84,Clear,2024-05-13T01:35:35.209Z
18.5,Clear,2024-05-12T23:24:25.240Z
19.48,Clear,2024-05-12T22:26:30.295Z
20.03,Clear,2024-05-12T21:23:14.848Z
20.79,Clear,2024-05-12T20:24:47.974Z
21.48,Clear,2024-05-12T19:22:54.491Z
23.49,Clear,2024-05-12T18:30:02.059Z
24.96,Clear,2024-05-12T17:24:58.535Z
25.14,Clear,2024-05-12T16:29:27.471Z
25.61,Clear,2024-05-12T15:24:40.162Z
25.38,Clear,2024-05-12T14:26:21.845Z
24.83,Clear,2024-05-12T13:24:05.746Z
24.54,Clear,2024-05-12T12:41:55.988Z
23.26,Clear,2024-05-12T11:22:31.035Z
21.9,Clear,2024-05-12T10:27:49.179Z
20.44,Clear,2024-05-12T09:23:54.333Z
18.93,Clear,2024-05-12T08:28:14.818Z
17.14,Clear,2024-05-12T07:22:32.526Z
15.63,Clear,2024-05-12T06:29:50.640Z
14.63,Clear,2024-05-12T05:28:02.619Z
13.86,Clear,2024-05-12T04:29:01.671Z
14.23,Clear,2024-05-12T03:26:48.880Z
14.35,Clear,2024-05-12T02:36:06.554Z
14.56,Clear,2024-05-12T01:39:00.907Z
15.36,Clear,2024-05-11T23:23:46.012Z
15.94,Clear,2024-05-11T22:26:21.694Z
16.52,Clear,2024-05-11T21:23:24.518Z
17.39,Clear,2024-05-11T20:24:24.222Z
18.74,Clear,2024-05-11T19:23:01.836Z
19.99,Clear,2024-05-11T18:28:44.817Z
21.06,Clear,2024-05-11T17:26:43.316Z
21.92,Clear,2024-05-11T16:29:24.819Z
21.66,Clear,2024-05-11T15:23:57.679Z
21.33,Clear,2024-05-11T14:26:18.635Z
20.95,Clear,2024-05-11T13:23:46.790Z
20.19,Clear,2024-05-11T12:40:54.561Z
18.4,Clear,2024-05-11T11:22:52.255Z
17.17,Clear,2024-05-11T10:29:51.354Z
15.33,Clouds,2024-05-11T09:24:31.431Z
13.86,Clouds,2024-05-11T08:28:09.010Z
12.72,Clouds,2024-05-11T07:23:39.742Z
12.01,Clouds,2024-05-11T06:28:48.241Z
11.74,Clouds,2024-05-11T05:27:13.289Z
11.42,Clouds,2024-05-11T04:29:10.122Z
11.66,Clear,2024-05-11T03:26:47.234Z
11.96,Clear,2024-05-11T02:32:01.232Z
12.55,Clouds,2024-05-11T01:31:34.114Z
13.51,Clear,2024-05-10T23:24:23.494Z
14.25,Clear,2024-05-10T22:28:31.040Z
14.56,Clear,2024-05-10T21:24:27.212Z
15.03,Clear,2024-05-10T20:24:40.643Z
16.41,Clear,2024-05-10T19:22:30.691Z
17.4,Clear,2024-05-10T18:30:05.984Z
18.73,Clear,2024-05-10T17:27:00.950Z
19.11,Clouds,2024-05-10T16:31:29.159Z
19.69,Clouds,2024-05-10T15:25:37.736Z
19.31,Clouds,2024-05-10T14:27:41.684Z
18.91,Clouds,2024-05-10T13:25:27.468Z
18.77,Clouds,2024-05-10T12:42:46.957Z
18.63,Clouds,2024-05-10T11:22:46.116Z
18.17,Clouds,2024-05-10T10:30:33.612Z
17.38,Clouds,2024-05-10T09:25:36.175Z
16.15,Clouds,2024-05-10T08:28:54.440Z
14.88,Fog,2024-05-10T07:23:55.300Z
13.13,Fog,2024-05-10T06:30:14.074Z
10.5,Mist,2024-05-10T05:27:37.356Z
9.27,Clouds,2024-05-10T04:28:25.221Z
9.78,Clouds,2024-05-10T03:26:23.424Z
9.79,Clouds,2024-05-10T02:38:29.009Z
10.03,Clouds,2024-05-10T01:33:18.365Z
11,Clear,2024-05-09T23:27:23.155Z
11.44,Clear,2024-05-09T22:27:40.237Z
12.25,Clear,2024-05-09T21:25:47.911Z
13.12,Clear,2024-05-09T20:25:09.552Z
14.2,Clear,2024-05-09T19:22:51.124Z
15.5,Clear,2024-05-09T18:28:56.639Z
16.69,Clear,2024-05-09T17:26:13.220Z
17.81,Clear,2024-05-09T16:34:00.695Z
18.41,Clear,2024-05-09T15:27:45.592Z
17.33,Clouds,2024-05-09T14:28:05.739Z
17.54,Clouds,2024-05-09T13:26:58.712Z
17.21,Clouds,2024-05-09T12:42:47.634Z
16.82,Clouds,2024-05-09T11:22:54.990Z
17.39,Clouds,2024-05-09T10:30:49.182Z
16.42,Clouds,2024-05-09T09:25:24.869Z
15.29,Clouds,2024-05-09T08:28:52.996Z
13.3,Clear,2024-05-09T07:24:10.117Z
11.33,Fog,2024-05-09T06:30:41.810Z
8.53,Fog,2024-05-09T05:28:50.742Z
7.49,Fog,2024-05-09T04:31:41.221Z
7.49,Fog,2024-05-09T03:27:27.147Z
7.68,Fog,2024-05-09T02:36:44.647Z
8.39,Fog,2024-05-09T01:33:32.215Z
9.73,Clear,2024-05-08T23:25:39.264Z
10.61,Clear,2024-05-08T22:28:00.563Z
11.38,Clouds,2024-05-08T21:24:50.217Z
12.2,Clouds,2024-05-08T20:25:03.021Z
13.15,Clouds,2024-05-08T19:22:37.151Z
14.52,Clouds,2024-05-08T18:29:59.466Z
15.37,Clouds,2024-05-08T17:25:57.289Z
15.43,Clouds,2024-05-08T16:31:03.041Z
15.33,Clouds,2024-05-08T15:25:25.269Z
15.16,Clouds,2024-05-08T14:27:16.927Z
14.92,Clouds,2024-05-08T13:26:57.394Z
14.75,Clouds,2024-05-08T12:45:26.047Z
13.79,Clouds,2024-05-08T11:23:24.500Z
13.35,Clouds,2024-05-08T10:30:22.142Z
12.62,Drizzle,2024-05-08T09:25:40.156Z
12.36,Drizzle,2024-05-08T08:26:07.882Z
12.21,Clouds,2024-05-08T07:25:46.158Z
11.84,Clouds,2024-05-08T06:26:53.944Z
11.44,Drizzle,2024-05-08T05:24:47.733Z
11.42,Clouds,2024-05-08T04:27:18.034Z
11.23,Clouds,2024-05-08T03:25:46.707Z
11.34,Drizzle,2024-05-08T02:25:53.804Z
11.59,Clouds,2024-05-08T01:48:03.225Z
11.64,Clouds,2024-05-08T01:12:14.196Z
11.81,Clouds,2024-05-07T23:22:51.677Z
11.97,Clouds,2024-05-07T22:26:13.476Z
12.12,Clouds,2024-05-07T21:22:33.704Z
12.16,Clouds,2024-05-07T20:22:48.455Z
12.27,Clouds,2024-05-07T19:22:48.956Z
13.56,Clouds,2024-05-07T18:30:25.724Z
15.65,Clouds,2024-05-07T17:26:45.325Z
16.82,Clouds,2024-05-07T16:29:44.184Z
17.51,Clouds,2024-05-07T15:26:20.769Z
18.29,Clouds,2024-05-07T14:25:50.307Z
18.24,Clouds,2024-05-07T13:23:18.805Z
17.73,Clouds,2024-05-07T12:43:19.522Z
18.06,Clouds,2024-05-07T11:23:28.608Z
17.53,Clouds,2024-05-07T10:30:21.449Z
16.56,Clouds,2024-05-07T09:27:04.501Z
15.85,Clouds,2024-05-07T08:28:54.682Z
14.72,Clear,2024-05-07T07:28:58.075Z
13.01,Clear,2024-05-07T06:31:36.697Z
11.28,Clear,2024-05-07T05:29:10.592Z
10.31,Clear,2024-05-07T04:29:28.493Z
10.9,Clear,2024-05-07T03:28:35.944Z
11.37,Clear,2024-05-07T02:40:52.817Z
11.82,Clear,2024-05-07T01:32:31.356Z
13.13,Clear,2024-05-06T23:24:16.936Z
13.58,Clear,2024-05-06T22:28:35.066Z
14.53,Clear,2024-05-06T21:23:47.237Z
15.19,Clear,2024-05-06T20:25:59.953Z
15.71,Clear,2024-05-06T19:22:35.981Z
16.29,Clear,2024-05-06T18:31:04.479Z
17.23,Clear,2024-05-06T17:27:34.059Z
17.5,Clear,2024-05-06T16:32:58.222Z
18.1,Clouds,2024-05-06T15:25:51.762Z
18.34,Clouds,2024-05-06T14:29:30.531Z
18.39,Clouds,2024-05-06T13:26:47.312Z
18.48,Clouds,2024-05-06T12:43:34.904Z
18.26,Clouds,2024-05-06T11:22:48.702Z
17.79,Clear,2024-05-06T10:30:42.072Z
17.07,Clear,2024-05-06T09:26:13.103Z
15.99,Clear,2024-05-06T08:29:20.777Z
14.34,Clear,2024-05-06T07:25:28.073Z
12.72,Clear,2024-05-06T06:31:00.325Z
10.75,Clear,2024-05-06T05:29:03.909Z
9.36,Clear,2024-05-06T04:29:36.421Z
9.54,Clear,2024-05-06T03:27:31.536Z
9.89,Clouds,2024-05-06T02:36:41.789Z
10.02,Clouds,2024-05-06T01:33:35.623Z
10.8,Clear,2024-05-05T23:23:34.553Z
11.07,Clear,2024-05-05T22:28:15.864Z
11.54,Clouds,2024-05-05T21:22:34.646Z
12.21,Clear,2024-05-05T20:23:49.029Z
13.39,Clouds,2024-05-05T19:22:44.323Z
15.04,Clouds,2024-05-05T18:27:48.721Z
15.83,Clouds,2024-05-05T17:25:44.119Z
16.12,Clear,2024-05-05T16:30:12.104Z
16.53,Clouds,2024-05-05T15:25:30.254Z
16.42,Clouds,2024-05-05T14:26:06.964Z
16.34,Clouds,2024-05-05T13:23:49.004Z
16.23,Clouds,2024-05-05T12:40:43.747Z
15.73,Clouds,2024-05-05T11:22:46.697Z
15.22,Clouds,2024-05-05T10:28:19.273Z
14.28,Clouds,2024-05-05T09:25:48.247Z
12.93,Clouds,2024-05-05T08:27:12.775Z
11.22,Clouds,2024-05-05T07:22:34.471Z
10.28,Clouds,2024-05-05T06:30:15.254Z
9.48,Clouds,2024-05-05T05:26:45.918Z
9.32,Clouds,2024-05-05T04:29:40.041Z
9.58,Clouds,2024-05-05T03:26:37.027Z
9.77,Rain,2024-05-05T02:34:07.831Z
9.98,Rain,2024-05-05T01:36:19.463Z
10.29,Rain,2024-05-04T23:23:44.323Z
10.62,Rain,2024-05-04T22:28:06.406Z
10.7,Rain,2024-05-04T21:22:44.473Z
10.76,Rain,2024-05-04T20:24:59.004Z
11.04,Rain,2024-05-04T19:22:32.068Z
11.22,Rain,2024-05-04T18:28:51.836Z
11.57,Rain,2024-05-04T17:25:02.235Z
14.92,Clouds,2024-05-04T16:29:30.154Z
16.72,Clouds,2024-05-04T15:24:25.139Z
15.84,Clouds,2024-05-04T14:27:40.880Z
16.23,Clouds,2024-05-04T13:24:17.553Z
16.24,Clouds,2024-05-04T12:40:06.689Z
16.12,Clouds,2024-05-04T11:22:43.310Z
15.62,Clouds,2024-05-04T10:27:17.857Z
14.64,Clouds,2024-05-04T09:24:15.813Z
13.61,Clear,2024-05-04T08:27:40.090Z
12.11,Clear,2024-05-04T07:22:47.028Z
9.97,Clear,2024-05-04T06:29:02.444Z
8.26,Clear,2024-05-04T05:27:50.652Z
7.16,Clear,2024-05-04T04:29:27.949Z
7.24,Clouds,2024-05-04T03:26:58.899Z
7.5,Clear,2024-05-04T02:30:35.163Z
7.9,Clear,2024-05-04T01:30:05.957Z
8.48,Clear,2024-05-03T23:24:17.007Z
8.71,Clear,2024-05-03T22:28:04.390Z
9.31,Clear,2024-05-03T21:23:27.305Z
10.22,Clear,2024-05-03T20:25:58.522Z
10.92,Clear,2024-05-03T19:22:51.043Z
11.74,Clouds,2024-05-03T18:29:10.177Z
11.86,Clouds,2024-05-03T17:26:36.907Z
11.69,Clouds,2024-05-03T16:30:52.468Z
11.49,Clouds,2024-05-03T15:26:48.451Z
11.49,Drizzle,2024-05-03T14:28:05.460Z
11.56,Drizzle,2024-05-03T13:27:07.497Z
11.6,Drizzle,2024-05-03T12:41:22.061Z
11.5,Clouds,2024-05-03T11:22:50.719Z
11.52,Clouds,2024-05-03T10:29:55.632Z
11.88,Clouds,2024-05-03T09:25:30.861Z
12.37,Clouds,2024-05-03T08:28:13.464Z
12.55,Clouds,2024-05-03T07:22:44.821Z
12.44,Mist,2024-05-03T06:30:17.501Z
12.74,Rain,2024-05-03T05:28:10.492Z
12.86,Mist,2024-05-03T04:29:28.245Z
13.09,Mist,2024-05-03T03:28:56.375Z
13.12,Mist,2024-05-03T02:34:36.448Z
13.22,Mist,2024-05-03T01:34:05.485Z
13.54,Mist,2024-05-02T23:26:37.456Z
13.72,Rain,2024-05-02T22:28:30.282Z
13.72,Mist,2024-05-02T21:22:41.732Z
13.31,Mist,2024-05-02T20:25:50.859Z
13.49,Mist,2024-05-02T19:22:55.275Z
14.51,Rain,2024-05-02T18:29:42.764Z
15.73,Clouds,2024-05-02T17:27:28.385Z
16.73,Clouds,2024-05-02T16:30:56.096Z
18.96,Clouds,2024-05-02T15:26:28.234Z
23.18,Clear,2024-05-02T14:28:55.222Z
24.22,Clear,2024-05-02T13:25:32.738Z
23.57,Clear,2024-05-02T12:43:28.259Z
22.06,Clear,2024-05-02T11:22:35.951Z
21.23,Clear,2024-05-02T10:29:35.798Z
20.1,Clear,2024-05-02T09:25:04.164Z
19.12,Clear,2024-05-02T08:29:04.488Z
17.68,Clear,2024-05-02T07:23:06.349Z
16.95,Clear,2024-05-02T06:29:59.459Z
15.89,Clear,2024-05-02T05:28:53.995Z
15.28,Clear,2024-05-02T04:29:00.689Z
15.57,Clear,2024-05-02T03:26:07.935Z
16.02,Clear,2024-05-02T02:32:42.683Z
16.38,Clear,2024-05-02T01:31:17.190Z
16.78,Clear,2024-05-01T23:25:24.260Z
17.29,Clear,2024-05-01T22:30:29.644Z
17.99,Clear,2024-05-01T21:22:55.223Z
18.52,Clear,2024-05-01T20:28:00.119Z
19.53,Clear,2024-05-01T19:22:45.827Z
20.12,Clear,2024-05-01T18:29:27.671Z
21.27,Clear,2024-05-01T17:26:28.570Z
21.91,Clear,2024-05-01T16:30:23.101Z
21.85,Clear,2024-05-01T15:27:15.924Z
21.63,Clear,2024-05-01T14:28:49.207Z
22.2,Clouds,2024-05-01T13:25:02.761Z
21.95,Clear,2024-05-01T12:43:11.714Z
21.62,Clear,2024-05-01T11:22:45.697Z
20.97,Clear,2024-05-01T10:31:10.224Z
19.46,Clear,2024-05-01T09:25:59.103Z
18.47,Clear,2024-05-01T08:32:14.078Z
17.04,Clear,2024-05-01T07:25:43.356Z
15.95,Clear,2024-05-01T06:30:57.986Z
14.52,Clear,2024-05-01T05:27:12.084Z
14.26,Clear,2024-05-01T04:28:54.230Z
14.32,Clear,2024-05-01T03:28:47.438Z
14.48,Clouds,2024-05-01T02:36:18.522Z
15.05,Thunderstorm,2024-05-01T01:37:23.144Z
15.38,Clear,2024-04-30T23:24:33.705Z
15.26,Clear,2024-04-30T22:27:22.676Z
15.95,Clear,2024-04-30T21:24:18.341Z
16.29,Clear,2024-04-30T20:24:36.132Z
17.34,Clear,2024-04-30T19:22:44.471Z
18.53,Clear,2024-04-30T18:31:19.055Z
19.84,Clear,2024-04-30T17:25:31.314Z
20.26,Clouds,2024-04-30T16:31:49.700Z
20.97,Clouds,2024-04-30T15:22:39.976Z
21.06,Rain,2024-04-30T14:26:43.551Z
20.62,Clouds,2024-04-30T13:23:15.144Z
20.12,Clouds,2024-04-30T12:42:24.885Z
18.68,Clouds,2024-04-30T11:23:38.013Z
17.61,Clouds,2024-04-30T10:29:51.928Z
16.11,Clouds,2024-04-30T09:27:52.027Z
15.66,Clouds,2024-04-30T08:29:25.868Z
14.22,Clouds,2024-04-30T07:23:03.526Z
13.46,Clouds,2024-04-30T06:30:43.127Z
12.95,Clouds,2024-04-30T05:27:15.933Z
12.84,Drizzle,2024-04-30T04:28:46.857Z
12.63,Rain,2024-04-30T03:26:17.785Z
12.7,Clouds,2024-04-30T02:32:18.857Z
12.58,Clear,2024-04-30T01:30:28.852Z
13.04,Clear,2024-04-29T23:23:53.117Z
13.51,Clear,2024-04-29T22:27:11.865Z
13.93,Clear,2024-04-29T21:22:51.096Z
14.75,Clear,2024-04-29T20:24:42.537Z
15.91,Clear,2024-04-29T19:22:41.488Z
17.07,Clear,2024-04-29T18:29:05.335Z
18.45,Clear,2024-04-29T17:25:36.247Z
19.07,Clear,2024-04-29T16:30:38.586Z
19.14,Clouds,2024-04-29T15:26:21.880Z
18.9,Clouds,2024-04-29T14:28:33.491Z
18.6,Clouds,2024-04-29T13:25:37.293Z
18.29,Clouds,2024-04-29T12:43:11.688Z
17.03,Clouds,2024-04-29T11:22:41.513Z
16.03,Clouds,2024-04-29T10:29:41.649Z
14.65,Clouds,2024-04-29T09:26:05.150Z
13.15,Clear,2024-04-29T08:30:29.302Z
11.08,Clear,2024-04-29T07:22:38.501Z
9.05,Clear,2024-04-29T06:30:50.145Z
7.12,Clear,2024-04-29T05:30:43.731Z
6.22,Clear,2024-04-29T04:28:36.992Z
6.2,Clear,2024-04-29T03:26:22.581Z
6.39,Clear,2024-04-29T02:33:08.878Z
6.74,Clear,2024-04-29T01:32:32.748Z
7.54,Clear,2024-04-28T23:22:45.196Z
7.99,Clear,2024-04-28T22:26:31.878Z
8.25,Clear,2024-04-28T21:22:46.557Z
9.21,Clouds,2024-04-28T20:24:04.453Z
10.01,Clouds,2024-04-28T19:22:32.610Z
10.61,Clouds,2024-04-28T18:27:34.406Z
10.81,Clouds,2024-04-28T17:25:47.316Z
10.9,Clouds,2024-04-28T16:28:22.268Z
12.95,Clouds,2024-04-28T15:24:02.509Z
13.94,Clouds,2024-04-28T14:26:38.860Z
14.99,Clouds,2024-04-28T13:24:24.718Z
15.08,Clouds,2024-04-28T12:41:22.981Z
15.61,Clouds,2024-04-28T11:22:51.500Z
13.39,Clouds,2024-04-28T10:28:55.242Z
15.77,Clouds,2024-04-28T09:22:31.020Z
15.05,Clouds,2024-04-28T08:28:02.174Z
14.45,Clouds,2024-04-28T07:22:38.548Z
14.18,Rain,2024-04-28T06:29:33.255Z
13.55,Clear,2024-04-28T05:27:22.782Z
13.66,Clear,2024-04-28T04:27:20.281Z
13.48,Clouds,2024-04-28T03:25:57.797Z
13.48,Clouds,2024-04-28T02:35:24.381Z
13.22,Clear,2024-04-28T01:35:59.536Z
13.11,Rain,2024-04-27T23:23:42.650Z
12.7,Clear,2024-04-27T22:27:49.750Z
12.59,Clear,2024-04-27T21:22:38.808Z
11.69,Clouds,2024-04-27T20:23:11.249Z
13.11,Clouds,2024-04-27T19:22:55.788Z
13.84,Clouds,2024-04-27T18:27:40.602Z
13.84,Clouds,2024-04-27T17:25:48.125Z
15.4,Clouds,2024-04-27T16:27:52.563Z
15.34,Clouds,2024-04-27T15:23:21.939Z
14.68,Clouds,2024-04-27T14:25:55.152Z
15.2,Clouds,2024-04-27T13:24:18.262Z
14.79,Clouds,2024-04-27T12:38:32.521Z
12.6,Clouds,2024-04-27T11:22:55.242Z
11.53,Clouds,2024-04-27T10:30:20.361Z
10.55,Clouds,2024-04-27T09:22:57.292Z
9.65,Drizzle,2024-04-27T08:27:43.439Z
9.24,Clouds,2024-04-27T07:22:47.694Z
7.63,Clouds,2024-04-27T06:29:54.566Z
7.9,Clouds,2024-04-27T05:26:29.681Z
7.39,Clouds,2024-04-27T04:27:12.551Z
5.21,Clouds,2024-04-27T03:28:33.890Z
7.09,Clouds,2024-04-27T02:31:25.640Z
5.24,Clouds,2024-04-27T01:29:27.869Z
6.58,Rain,2024-04-26T23:25:20.573Z
5.44,Clouds,2024-04-26T22:29:49.754Z
6.66,Clouds,2024-04-26T21:23:18.745Z
5.77,Clouds,2024-04-26T20:25:17.080Z
6.63,Clouds,2024-04-26T19:22:47.394Z
9.65,Clear,2024-04-26T18:29:04.053Z
9.56,Clouds,2024-04-26T17:28:00.541Z
11.4,Clouds,2024-04-26T16:31:20.718Z
11.6,Clouds,2024-04-26T15:25:48.715Z
11.97,Clouds,2024-04-26T14:26:59.016Z
11.59,Clouds,2024-04-26T13:24:28.247Z
11.44,Clouds,2024-04-26T12:41:46.288Z
10.52,Clouds,2024-04-26T11:23:11.375Z
9.25,Clouds,2024-04-26T09:24:43.119Z
8.64,Clouds,2024-04-26T08:28:13.008Z
7.99,Clouds,2024-04-26T07:23:35.388Z
6.67,Clouds,2024-04-26T06:32:04.523Z
4.46,Clouds,2024-04-26T05:27:04.652Z
4.34,Clouds,2024-04-26T04:27:56.243Z
5.07,Clouds,2024-04-26T03:26:36.960Z
5.45,Clouds,2024-04-26T02:32:10.356Z
5.58,Drizzle,2024-04-26T01:30:42.204Z
5.45,Rain,2024-04-25T23:25:37.661Z
6.11,Drizzle,2024-04-25T22:27:16.344Z
5.8,Clouds,2024-04-25T21:25:05.735Z
5.78,Rain,2024-04-25T20:24:45.163Z
5.48,Clouds,2024-04-25T19:22:35.552Z
5.71,Rain,2024-04-25T18:28:58.518Z
6.74,Clouds,2024-04-25T17:28:26.092Z
5.74,Clouds,2024-04-25T16:30:08.812Z
8,Rain,2024-04-25T15:26:57.916Z
8.19,Clouds,2024-04-25T14:23:10.225Z
9.53,Clouds,2024-04-25T13:22:53.660Z
10.09,Clouds,2024-04-25T12:34:17.438Z
9.61,Clouds,2024-04-25T11:22:48.059Z
9.61,Clouds,2024-04-25T10:30:08.989Z
7.78,Clouds,2024-04-25T09:24:37.311Z
6.85,Clouds,2024-04-25T08:30:00.246Z
6.07,Clouds,2024-04-25T07:24:47.416Z
5.33,Clouds,2024-04-25T06:29:57.005Z
4.41,Clouds,2024-04-25T05:27:31.735Z
4.04,Clouds,2024-04-25T04:28:19.387Z
3.9,Clouds,2024-04-25T03:25:17.462Z
3.77,Clouds,2024-04-25T02:33:08.211Z
3.67,Clouds,2024-04-25T01:32:57.594Z
3.19,Clouds,2024-04-24T23:26:54.401Z
3.7,Clouds,2024-04-24T22:29:19.264Z
5.23,Clouds,2024-04-24T21:23:48.125Z
4.88,Clouds,2024-04-24T20:25:29.335Z
5.91,Clouds,2024-04-24T19:22:40.664Z
6.42,Rain,2024-04-24T18:28:06.654Z
6.94,Clouds,2024-04-24T17:28:51.327Z
7.43,Clouds,2024-04-24T16:30:21.873Z
9.18,Clouds,2024-04-24T15:27:09.550Z
9.18,Clouds,2024-04-24T14:30:36.773Z
8.1,Clouds,2024-04-24T13:29:55.344Z
8.5,Clouds,2024-04-24T12:48:33.244Z
9.04,Clouds,2024-04-24T11:23:20.255Z
9.04,Clouds,2024-04-24T10:31:10.402Z
7.29,Clouds,2024-04-24T09:24:33.695Z
7.14,Clouds,2024-04-24T08:29:40.986Z
5.8,Clouds,2024-04-24T07:23:47.075Z
5.71,Clouds,2024-04-24T06:33:21.996Z
4.87,Clouds,2024-04-24T05:27:57.297Z
4.59,Clouds,2024-04-24T04:27:56.102Z
4.73,Clouds,2024-04-24T03:25:37.230Z
4.24,Rain,2024-04-24T02:31:53.124Z
4.81,Clouds,2024-04-24T01:32:25.742Z
5.18,Clouds,2024-04-23T23:23:56.070Z
5.27,Clouds,2024-04-23T22:28:24.074Z
5.66,Clouds,2024-04-23T21:22:53.215Z
5.99,Clouds,2024-04-23T20:24:27.085Z
6.9,Clouds,2024-04-23T19:22:42.826Z
7.45,Clouds,2024-04-23T18:28:18.530Z
7.22,Rain,2024-04-23T17:28:15.740Z
7.98,Clouds,2024-04-23T16:30:45.854Z
8.04,Clouds,2024-04-23T15:22:55.825Z
9.6,Clouds,2024-04-23T14:27:21.850Z
10.69,Clouds,2024-04-23T13:25:03.117Z
10.71,Clouds,2024-04-23T12:42:44.448Z
9.97,Clouds,2024-04-23T11:22:44.921Z
9.15,Clouds,2024-04-23T10:28:58.823Z
8.03,Clouds,2024-04-23T09:24:06.406Z
7.52,Clouds,2024-04-23T08:28:34.601Z
5.63,Clouds,2024-04-23T07:23:21.949Z
5.6,Clouds,2024-04-23T06:31:27.570Z
1.26,Clear,2024-04-23T05:26:42.627Z
0.85,Clouds,2024-04-23T04:29:03.406Z
1.25,Clouds,2024-04-23T03:25:14.467Z
1.89,Clouds,2024-04-23T02:33:03.622Z
1.59,Clouds,2024-04-23T01:30:50.638Z
3.56,Clouds,2024-04-22T23:24:56.663Z
4.1,Clear,2024-04-22T22:29:46.753Z
4.79,Clouds,2024-04-22T21:22:33.776Z
5.2,Clouds,2024-04-22T20:24:59.568Z
4.27,Clear,2024-04-22T19:22:43.485Z
7.51,Clear,2024-04-22T18:26:52.082Z
8.34,Clear,2024-04-22T17:26:43.910Z
7.98,Clouds,2024-04-22T16:30:26.621Z
9.1,Clouds,2024-04-22T15:25:13.984Z
10.06,Clouds,2024-04-22T14:28:02.401Z
10.06,Clouds,2024-04-22T13:25:49.489Z
10.01,Clouds,2024-04-22T12:42:53.629Z
9.55,Clouds,2024-04-22T11:22:49.495Z
9.49,Clouds,2024-04-22T10:31:01.680Z
7.28,Clouds,2024-04-22T09:25:34.408Z
7.54,Clouds,2024-04-22T08:30:21.395Z
6.32,Clouds,2024-04-22T07:22:47.678Z
6.55,Clouds,2024-04-22T06:30:08.847Z
3.54,Clouds,2024-04-22T05:27:50.486Z
3.91,Clear,2024-04-22T04:28:30.766Z
4.54,Clear,2024-04-22T03:26:39.982Z
3.24,Clouds,2024-04-22T02:33:05.416Z
3.89,Clouds,2024-04-22T01:33:14.856Z
4.44,Clouds,2024-04-21T23:24:38.211Z
5.3,Clear,2024-04-21T22:27:37.382Z
4.95,Clouds,2024-04-21T21:22:58.203Z
5.47,Clouds,2024-04-21T20:26:17.757Z
6.07,Clouds,2024-04-21T19:22:36.919Z
7.48,Clouds,2024-04-21T18:28:03.268Z
7.81,Clouds,2024-04-21T17:27:11.566Z
9.19,Clouds,2024-04-21T16:29:42.648Z
9.65,Clouds,2024-04-21T15:23:48.214Z
10.62,Clouds,2024-04-21T14:25:41.841Z
10.24,Clouds,2024-04-21T13:25:10.420Z
10.24,Clouds,2024-04-21T12:40:16.191Z
9.86,Clouds,2024-04-21T11:22:54.817Z
8.61,Clouds,2024-04-21T10:27:11.767Z
8.35,Clouds,2024-04-21T09:25:56.978Z
6.84,Clouds,2024-04-21T08:26:43.658Z
6.28,Clouds,2024-04-21T07:22:38.594Z
5.1,Clouds,2024-04-21T06:29:25.761Z
4.35,Clouds,2024-04-21T05:27:13.412Z
3.93,Clouds,2024-04-21T04:30:45.634Z
3.94,Clouds,2024-04-21T03:25:21.773Z
4.65,Rain,2024-04-21T02:32:50.692Z
4.54,Clouds,2024-04-21T01:35:12.442Z
5.5,Clouds,2024-04-20T23:22:49.122Z
5.9,Clouds,2024-04-20T22:26:48.897Z
6.24,Clouds,2024-04-20T21:22:47.445Z
6.35,Clouds,2024-04-20T20:24:03.716Z
6.77,Clouds,2024-04-20T19:22:36.963Z
7.33,Clouds,2024-04-20T18:28:20.346Z
7.97,Clouds,2024-04-20T17:27:28.279Z
8.46,Clouds,2024-04-20T16:29:04.662Z
9.24,Clouds,2024-04-20T15:23:19.916Z
9.23,Rain,2024-04-20T14:24:58.061Z
9.25,Clouds,2024-04-20T13:24:17.846Z
9.3,Clouds,2024-04-20T12:39:03.960Z
9.47,Clouds,2024-04-20T11:22:42.763Z
8.73,Clouds,2024-04-20T10:30:11.640Z
8.68,Clouds,2024-04-20T09:22:30.858Z
8.22,Clouds,2024-04-20T08:26:59.306Z
6.77,Clouds,2024-04-20T07:22:56.273Z
6.29,Clouds,2024-04-20T06:29:29.079Z
6.29,Clouds,2024-04-20T05:26:42.544Z
6.32,Clouds,2024-04-20T04:28:43.640Z
6.37,Clouds,2024-04-20T03:25:08.592Z
6.59,Clouds,2024-04-20T02:29:45.914Z
6.31,Clouds,2024-04-20T01:29:13.093Z
6.33,Clouds,2024-04-19T23:25:38.071Z
6.62,Clouds,2024-04-19T22:27:22.953Z
6.75,Rain,2024-04-19T21:22:39.340Z
6.94,Clouds,2024-04-19T20:24:30.868Z
6.97,Clouds,2024-04-19T19:22:39.741Z
7.19,Clouds,2024-04-19T18:27:58.618Z
8.15,Clouds,2024-04-19T17:27:22.747Z
8.7,Clouds,2024-04-19T16:31:36.191Z
8.81,Clouds,2024-04-19T15:25:08.274Z
9.62,Clouds,2024-04-19T14:28:37.160Z
9.7,Clouds,2024-04-19T13:25:47.123Z
9.51,Clouds,2024-04-19T12:41:03.611Z
9.49,Clouds,2024-04-19T11:22:57.797Z
9.74,Clouds,2024-04-19T10:29:34.162Z
9.58,Clouds,2024-04-19T09:25:16.944Z
8.83,Rain,2024-04-19T08:28:20.882Z
9.16,Rain,2024-04-19T07:23:07.160Z
9.45,Rain,2024-04-19T06:29:41.201Z
9.49,Clouds,2024-04-19T05:27:03.279Z
9.4,Clouds,2024-04-19T04:27:51.292Z
9,Clouds,2024-04-19T03:26:24.093Z
8.31,Clouds,2024-04-19T02:32:33.809Z
7.79,Drizzle,2024-04-19T01:30:07.899Z
7.58,Drizzle,2024-04-18T23:25:33.689Z
7.7,Rain,2024-04-18T22:27:11.775Z
8.27,Rain,2024-04-18T21:22:43.676Z
8.37,Clouds,2024-04-18T20:24:31.420Z
8.43,Clouds,2024-04-18T19:22:41.514Z
8.93,Clouds,2024-04-18T18:28:40.271Z
9.37,Clouds,2024-04-18T17:26:35.532Z
9.84,Clouds,2024-04-18T16:30:30.127Z
10.34,Clouds,2024-04-18T15:25:28.695Z
10.49,Clouds,2024-04-18T14:27:46.448Z
10.83,Clouds,2024-04-18T13:24:49.532Z
10.8,Clouds,2024-04-18T12:40:46.678Z
11.03,Clouds,2024-04-18T11:22:51.543Z
10.55,Clouds,2024-04-18T10:30:47.105Z
9.64,Clouds,2024-04-18T09:24:44.837Z
8.98,Clouds,2024-04-18T08:29:01.646Z
7.76,Clouds,2024-04-18T07:22:58.486Z
5.75,Clouds,2024-04-18T06:29:49.104Z
3.63,Clouds,2024-04-18T05:28:02.616Z
2.92,Clouds,2024-04-18T04:27:49.986Z
3.2,Clouds,2024-04-18T03:24:22.500Z
3.31,Clouds,2024-04-18T02:32:36.527Z
3.64,Clear,2024-04-18T01:28:55.383Z
4.91,Clouds,2024-04-17T23:25:07.161Z
4.97,Clouds,2024-04-17T22:28:16.592Z
4.71,Clouds,2024-04-17T21:23:13.858Z
5.23,Clouds,2024-04-17T20:24:32.348Z
5.76,Clouds,2024-04-17T19:22:53.702Z
6.57,Clouds,2024-04-17T18:28:22.981Z
7.17,Clouds,2024-04-17T17:23:52.595Z
7.14,Rain,2024-04-17T16:32:09.035Z
8.02,Clouds,2024-04-17T15:26:53.057Z
7.63,Rain,2024-04-17T14:27:33.547Z
7.37,Clouds,2024-04-17T13:25:32.257Z
7.04,Clouds,2024-04-17T12:42:01.674Z
6.38,Clouds,2024-04-17T11:22:33.119Z
7.43,Clouds,2024-04-17T10:29:26.088Z
8.34,Rain,2024-04-17T09:24:49.536Z
7.16,Clouds,2024-04-17T08:28:03.630Z
7.04,Rain,2024-04-17T07:23:42.654Z
6.83,Clouds,2024-04-17T06:31:09.785Z
5.05,Clouds,2024-04-17T05:27:05.154Z
5.11,Clouds,2024-04-17T04:28:36.402Z
5.84,Clouds,2024-04-17T03:24:53.154Z
6.02,Clouds,2024-04-17T02:33:25.016Z
5.91,Clouds,2024-04-17T01:29:17.362Z
5.5,Clouds,2024-04-16T23:24:38.719Z
6,Clouds,2024-04-16T22:29:43.819Z
6.76,Clouds,2024-04-16T21:22:35.616Z
7.46,Clouds,2024-04-16T20:24:53.646Z
8.12,Clouds,2024-04-16T19:22:54.682Z
9.19,Clouds,2024-04-16T18:25:35.235Z
10.09,Clouds,2024-04-16T17:27:21.120Z
10.63,Clouds,2024-04-16T16:29:38.413Z
9.97,Clouds,2024-04-16T15:24:38.020Z
9.69,Clouds,2024-04-16T14:27:52.248Z
9.97,Rain,2024-04-16T13:25:33.151Z
10.23,Rain,2024-04-16T12:41:56.264Z
10.35,Clouds,2024-04-16T11:22:39.760Z
10.47,Clouds,2024-04-16T10:28:47.600Z
9.47,Clouds,2024-04-16T09:23:53.603Z
8.68,Clouds,2024-04-16T08:28:12.317Z
8.39,Clouds,2024-04-16T07:24:27.839Z
8.4,Rain,2024-04-16T06:29:06.179Z
7.73,Clouds,2024-04-16T05:27:46.909Z
6.48,Drizzle,2024-04-16T04:28:01.043Z
6.18,Rain,2024-04-16T03:26:01.567Z
6.06,Rain,2024-04-16T02:30:27.409Z
6.26,Clouds,2024-04-16T01:29:14.531Z
7.77,Clouds,2024-04-15T23:24:29.269Z
7.04,Clouds,2024-04-15T22:26:42.871Z
5.6,Clouds,2024-04-15T21:23:24.369Z
5.89,Rain,2024-04-15T20:24:00.191Z
6.13,Clouds,2024-04-15T19:22:51.539Z
7.11,Rain,2024-04-15T18:28:33.191Z
8.46,Clouds,2024-04-15T17:23:48.278Z
8.34,Clouds,2024-04-15T16:28:27.461Z
8.55,Clouds,2024-04-15T15:23:23.669Z
7.6,Clouds,2024-04-15T14:24:52.880Z
5.95,Clouds,2024-04-15T13:23:57.678Z
6.38,Rain,2024-04-15T12:38:09.576Z
9.83,Rain,2024-04-15T11:22:51.846Z
9.66,Rain,2024-04-15T10:25:31.358Z
10.38,Clouds,2024-04-15T09:22:59.032Z
10.28,Clouds,2024-04-15T08:24:07.581Z
10.13,Clouds,2024-04-15T07:22:34.906Z
9.58,Clouds,2024-04-15T06:27:05.338Z
8.41,Clouds,2024-04-15T05:23:59.767Z
8.55,Clouds,2024-04-15T04:36:33.456Z
8.78,Clouds,2024-04-15T03:39:06.469Z
7.86,Clear,2024-04-14T23:39:07.381Z
9.44,Clear,2024-04-14T22:12:08.387Z
13.59,Clouds,2024-04-14T14:31:57.046Z
13.19,Clouds,2024-04-14T10:46:22.094Z
11.63,Clouds,2024-04-14T08:05:27.885Z
10.54,Clouds,2024-04-14T06:16:35.210Z
10.46,Clouds,2024-04-14T04:56:57.096Z
10.94,Clouds,2024-04-14T03:39:52.452Z
11.46,Clouds,2024-04-14T01:54:35.587Z
13.95,Clouds,2024-04-13T23:26:40.819Z
14.14,Clear,2024-04-13T22:24:58.444Z
14.76,Clear,2024-04-13T21:22:53.008Z
15.25,Clear,2024-04-13T20:22:37.981Z
16.29,Clear,2024-04-13T19:22:32.798Z
17.73,Clear,2024-04-13T18:23:08.989Z
18.72,Clear,2024-04-13T17:22:51.448Z
20.07,Clouds,2024-04-13T16:27:56.810Z
21.21,Clouds,2024-04-13T15:22:33.544Z
21.51,Clouds,2024-04-13T14:23:53.918Z
21.22,Clouds,2024-04-13T13:22:48.948Z
21.26,Clouds,2024-04-13T12:34:43.542Z
19.96,Clouds,2024-04-13T11:23:02.008Z
18.96,Clouds,2024-04-13T10:27:08.099Z
17.82,Clouds,2024-04-13T09:22:33.554Z
16.38,Clouds,2024-04-13T08:23:02.263Z
14.5,Clear,2024-04-13T07:22:46.805Z
13.02,Clear,2024-04-13T06:24:13.139Z
12.29,Clear,2024-04-13T05:27:07.342Z
12.5,Clouds,2024-04-13T04:25:44.184Z
13.07,Clear,2024-04-13T03:22:43.539Z
13.82,Clear,2024-04-13T02:22:36.787Z
14.11,Clear,2024-04-13T01:44:54.167Z
14.37,Clear,2024-04-13T01:10:46.675Z
15.11,Clear,2024-04-12T23:22:51.900Z
15,Clear,2024-04-12T22:25:20.127Z
15.48,Clear,2024-04-12T21:22:35.435Z
15.42,Clear,2024-04-12T20:22:51.963Z
15.48,Clear,2024-04-12T19:22:50.129Z
15.94,Clear,2024-04-12T18:26:45.578Z
16.54,Clear,2024-04-12T17:27:20.522Z
17.2,Clear,2024-04-12T16:28:54.022Z
17.97,Clouds,2024-04-12T15:25:36.892Z
18.24,Clouds,2024-04-12T14:27:22.265Z
18.17,Clouds,2024-04-12T13:24:37.721Z
18.21,Clouds,2024-04-12T12:40:42.078Z
17.99,Clouds,2024-04-12T11:23:13.721Z
17.16,Clouds,2024-04-12T10:29:37.763Z
16.72,Clear,2024-04-12T09:25:05.382Z
15.57,Clear,2024-04-12T08:28:29.455Z
14.4,Clouds,2024-04-12T07:26:31.652Z
13.34,Clouds,2024-04-12T06:29:13.316Z
13.08,Clouds,2024-04-12T05:29:47.765Z
13.11,Drizzle,2024-04-12T04:30:06.357Z
13.25,Clouds,2024-04-12T03:25:34.986Z
13.22,Clouds,2024-04-12T02:33:45.947Z
13.08,Clouds,2024-04-12T01:29:14.026Z
13.14,Drizzle,2024-04-11T23:24:57.133Z
13.11,Drizzle,2024-04-11T22:29:02.761Z
13.01,Drizzle,2024-04-11T21:22:51.598Z
13.09,Drizzle,2024-04-11T20:24:47.999Z
13.18,Clouds,2024-04-11T19:22:46.667Z
13.69,Clouds,2024-04-11T18:28:01.194Z
14.01,Clouds,2024-04-11T17:26:57.607Z
14.39,Clouds,2024-04-11T16:28:22.454Z
14.9,Clouds,2024-04-11T15:25:23.290Z
14.78,Clouds,2024-04-11T14:27:47.448Z
15.04,Clouds,2024-04-11T13:25:28.196Z
14.83,Clouds,2024-04-11T12:41:31.857Z
13.76,Drizzle,2024-04-11T11:22:35.919Z
13.05,Drizzle,2024-04-11T10:29:48.755Z
12.78,Drizzle,2024-04-11T09:24:34.712Z
12.52,Drizzle,2024-04-11T08:31:26.302Z
12.03,Drizzle,2024-04-11T07:22:55.558Z
12.01,Clouds,2024-04-11T06:29:15.533Z
11.94,Drizzle,2024-04-11T05:28:08.289Z
12.08,Drizzle,2024-04-11T04:28:12.335Z
12.52,Clouds,2024-04-11T03:25:00.987Z
12.77,Clouds,2024-04-11T02:32:00.675Z
12.95,Clouds,2024-04-11T01:30:08.159Z
12.53,Clouds,2024-04-10T23:25:10.531Z
12.28,Clouds,2024-04-10T22:29:27.908Z
11.92,Clouds,2024-04-10T21:22:41.849Z
11.93,Clear,2024-04-10T20:24:21.942Z
12,Clear,2024-04-10T19:22:39.319Z
12.13,Clear,2024-04-10T18:54:22.541Z
13.82,Clear,2024-04-10T17:26:07.585Z
14.41,Clear,2024-04-10T16:32:11.992Z
14.71,Clear,2024-04-10T15:25:08.066Z
14.59,Clouds,2024-04-10T14:26:55.242Z
14.37,Clouds,2024-04-10T13:25:08.899Z
13.97,Clouds,2024-04-10T12:41:35.214Z
13.04,Clouds,2024-04-10T11:23:32.901Z
12.6,Clouds,2024-04-10T10:31:02.067Z
11.71,Clouds,2024-04-10T09:26:53.533Z
10.93,Clouds,2024-04-10T08:31:02.784Z
10.07,Clouds,2024-04-10T07:24:12.621Z
9.23,Clouds,2024-04-10T06:29:44.503Z
8.69,Clouds,2024-04-10T05:26:58.955Z
9.35,Clouds,2024-04-10T04:27:28.818Z
9.67,Clouds,2024-04-10T03:25:45.809Z
9.69,Clouds,2024-04-10T02:32:59.826Z
9.66,Clouds,2024-04-10T01:28:04.431Z
9.22,Clouds,2024-04-09T23:25:32.078Z
10.39,Clouds,2024-04-09T22:26:58.260Z
10.73,Clouds,2024-04-09T21:22:48.270Z
10.74,Clouds,2024-04-09T20:23:40.485Z
10.8,Clouds,2024-04-09T19:22:35.088Z
10.74,Clouds,2024-04-09T18:24:59.019Z
10.34,Clouds,2024-04-09T17:26:59.163Z
10.43,Rain,2024-04-09T16:30:05.783Z
10.45,Clouds,2024-04-09T15:25:24.719Z
10.98,Clouds,2024-04-09T14:27:10.582Z
11.43,Clouds,2024-04-09T13:24:43.268Z
11.77,Clouds,2024-04-09T12:41:31.655Z
11.65,Clouds,2024-04-09T11:22:41.330Z
11.52,Clouds,2024-04-09T10:31:25.534Z
11.21,Clouds,2024-04-09T09:25:17.478Z
11.44,Clouds,2024-04-09T08:28:10.573Z
11.4,Clouds,2024-04-09T07:23:28.331Z
11.3,Clouds,2024-04-09T06:29:10.530Z
11.66,Clouds,2024-04-09T05:26:49.825Z
12,Clouds,2024-04-09T04:28:39.653Z
12.56,Clouds,2024-04-09T03:26:20.760Z
13.46,Rain,2024-04-09T02:30:21.423Z
13.93,Rain,2024-04-09T01:28:59.669Z
15.01,Rain,2024-04-08T23:25:13.519Z
15.72,Clear,2024-04-08T22:29:32.491Z
15.66,Clouds,2024-04-08T21:22:43.447Z
15.71,Clouds,2024-04-08T20:26:42.213Z
16.17,Clear,2024-04-08T19:22:49.754Z
17.21,Clear,2024-04-08T18:31:24.494Z
18.29,Clouds,2024-04-08T17:27:23.074Z
18.5,Clouds,2024-04-08T16:31:00.414Z
18.52,Clouds,2024-04-08T15:24:10.138Z
18.21,Clouds,2024-04-08T14:28:46.146Z
17.67,Clouds,2024-04-08T13:24:44.076Z
17.25,Clouds,2024-04-08T12:41:11.995Z
16.54,Clouds,2024-04-08T11:22:51.130Z
16.16,Clouds,2024-04-08T10:31:52.664Z
15.79,Clouds,2024-04-08T09:26:05.061Z
14.35,Clouds,2024-04-08T08:28:20.049Z
13.28,Clouds,2024-04-08T07:24:14.293Z
12.45,Clouds,2024-04-08T06:29:38.977Z
11.72,Clouds,2024-04-08T05:28:09.931Z
11.41,Clouds,2024-04-08T04:29:23.755Z
11.85,Clouds,2024-04-08T03:25:08.356Z
12.23,Clouds,2024-04-08T02:32:40.402Z
12.25,Clouds,2024-04-08T01:30:22.616Z
12.09,Clouds,2024-04-07T23:25:07.251Z
12.78,Clear,2024-04-07T22:26:49.038Z
13.54,Clear,2024-04-07T21:22:50.256Z
14.02,Clear,2024-04-07T20:23:56.804Z
13.9,Rain,2024-04-07T19:22:50.229Z
14.17,Rain,2024-04-07T18:27:07.313Z
15.39,Clear,2024-04-07T17:27:00.075Z
17.2,Clear,2024-04-07T16:28:21.148Z
18.6,Clear,2024-04-07T15:23:55.363Z
19.56,Clear,2024-04-07T14:27:02.564Z
19.68,Clouds,2024-04-07T13:28:41.843Z
19.2,Clouds,2024-04-07T12:38:13.595Z
18.27,Clouds,2024-04-07T11:22:58.430Z
17.72,Clouds,2024-04-07T10:26:56.649Z
16.9,Clouds,2024-04-07T09:23:55.266Z
15.94,Clouds,2024-04-07T08:28:23.482Z
15.13,Clouds,2024-04-07T07:22:45.076Z
14.19,Clouds,2024-04-07T06:27:14.659Z
14.29,Clouds,2024-04-07T05:27:38.013Z
14.43,Clouds,2024-04-07T04:28:54.491Z
14.36,Rain,2024-04-07T03:24:28.289Z
14.26,Rain,2024-04-07T02:32:02.912Z
14.42,Rain,2024-04-07T01:34:32.707Z
16.92,Rain,2024-04-06T23:22:50.544Z
17.06,Clear,2024-04-06T22:26:12.496Z
17.4,Clear,2024-04-06T21:22:54.805Z
18.22,Clear,2024-04-06T20:25:43.164Z
18.99,Clear,2024-04-06T19:22:46.469Z
19.83,Clear,2024-04-06T18:27:26.365Z
20.88,Clear,2024-04-06T17:26:19.657Z
21.84,Clear,2024-04-06T16:29:48.625Z
23.19,Clear,2024-04-06T15:24:07.871Z
23.67,Clear,2024-04-06T14:24:41.250Z
23.05,Clear,2024-04-06T13:24:01.266Z
22.47,Clear,2024-04-06T12:37:59.530Z
21.61,Clear,2024-04-06T11:22:48.713Z
19.84,Clear,2024-04-06T10:28:09.733Z
18.45,Clear,2024-04-06T09:22:49.674Z
17.27,Clear,2024-04-06T08:26:47.193Z
15.11,Clear,2024-04-06T07:22:41.381Z
13.28,Clear,2024-04-06T06:28:00.736Z
12.74,Clear,2024-04-06T05:26:21.205Z
12.28,Clear,2024-04-06T04:28:21.767Z
12.12,Clear,2024-04-06T03:24:53.752Z
12.02,Clear,2024-04-06T02:28:22.898Z
12.06,Clear,2024-04-06T01:26:42.090Z
11.6,Clear,2024-04-05T23:24:37.809Z
11.89,Clear,2024-04-05T22:27:10.496Z
12.46,Clear,2024-04-05T21:22:47.876Z
13.36,Clear,2024-04-05T20:24:16.593Z
13.89,Clear,2024-04-05T19:23:00.137Z
14.49,Clear,2024-04-05T18:28:34.484Z
15.07,Clouds,2024-04-05T17:26:55.879Z
15.72,Clouds,2024-04-05T16:30:48.856Z
16.41,Clouds,2024-04-05T15:24:42.846Z
16.91,Clouds,2024-04-05T14:29:05.109Z
16.33,Clouds,2024-04-05T13:25:08.553Z
15.62,Clouds,2024-04-05T12:39:54.864Z
14.22,Rain,2024-04-05T11:22:51.133Z
13.93,Clouds,2024-04-05T10:29:36.927Z
13.08,Rain,2024-04-05T09:23:15.505Z
12.64,Clouds,2024-04-05T07:22:38.884Z
11.96,Clear,2024-04-05T06:29:05.426Z
11.31,Clouds,2024-04-05T05:26:57.676Z
11.68,Clouds,2024-04-05T04:30:48.131Z
11.73,Clouds,2024-04-05T03:26:30.886Z
11.79,Clouds,2024-04-05T02:29:49.789Z
11.86,Drizzle,2024-04-05T01:28:29.448Z
11.71,Clouds,2024-04-04T23:24:05.479Z
11.88,Clouds,2024-04-04T22:26:25.326Z
12.27,Clouds,2024-04-04T21:22:53.820Z
12.23,Clouds,2024-04-04T20:24:13.766Z
12.13,Clouds,2024-04-04T19:22:43.855Z
12.42,Clouds,2024-04-04T18:28:41.395Z
12.92,Clouds,2024-04-04T17:26:04.030Z
13.52,Clouds,2024-04-04T16:29:57.707Z
13.92,Clouds,2024-04-04T15:23:15.023Z
13.87,Clouds,2024-04-04T14:28:08.489Z
14.22,Clouds,2024-04-04T13:24:08.031Z
13.66,Clouds,2024-04-04T12:41:03.463Z
13.27,Clouds,2024-04-04T11:22:51.973Z
12.77,Clouds,2024-04-04T10:29:04.883Z
12.35,Clouds,2024-04-04T09:24:40.308Z
11.67,Clouds,2024-04-04T08:28:29.902Z
11.02,Clouds,2024-04-04T07:24:24.142Z
10.16,Drizzle,2024-04-04T06:28:22.613Z
9.43,Drizzle,2024-04-04T05:28:25.509Z
9.18,Rain,2024-04-04T04:29:16.292Z
9.06,Drizzle,2024-04-04T03:26:30.366Z
9.29,Clouds,2024-04-04T02:31:57.370Z
9.18,Clouds,2024-04-04T01:29:29.802Z
10.65,Clouds,2024-04-03T23:23:14.085Z
10.91,Clouds,2024-04-03T22:26:24.336Z
11.19,Clouds,2024-04-03T21:22:43.718Z
11.34,Clouds,2024-04-03T20:26:29.428Z
11.3,Clouds,2024-04-03T19:22:48.622Z
11.5,Clouds,2024-04-03T18:29:07.891Z
11.86,Clouds,2024-04-03T17:27:30.492Z
12.47,Clouds,2024-04-03T16:31:28.731Z
12.77,Clouds,2024-04-03T15:24:10.034Z
13.48,Rain,2024-04-03T14:26:59.703Z
12.23,Clouds,2024-04-03T12:40:43.375Z
12.06,Clouds,2024-04-03T11:22:49.558Z
11.65,Clouds,2024-04-03T10:29:40.100Z
11.22,Clouds,2024-04-03T09:26:52.925Z
10.74,Clouds,2024-04-03T08:28:05.988Z
10.13,Clouds,2024-04-03T07:22:33.134Z
9.72,Clouds,2024-04-03T06:28:54.176Z
9.62,Rain,2024-04-03T05:27:44.040Z
9.66,Drizzle,2024-04-03T04:28:45.520Z
9.85,Drizzle,2024-04-03T03:24:59.455Z
9.4,Drizzle,2024-04-03T02:30:06.589Z
9.23,Drizzle,2024-04-03T01:27:54.073Z
10,Rain,2024-04-02T23:24:38.249Z
10.05,Clouds,2024-04-02T22:28:58.658Z
9.92,Clear,2024-04-02T21:22:33.907Z
10.15,Clouds,2024-04-02T20:23:39.706Z
10.79,Clouds,2024-04-02T19:22:42.482Z
10.99,Clouds,2024-04-02T18:28:55.318Z
11.46,Clouds,2024-04-02T17:27:55.041Z
11.62,Clouds,2024-04-02T16:31:17.549Z
11.56,Clouds,2024-04-02T15:25:04.643Z
11.38,Clouds,2024-04-02T14:27:25.303Z
11.19,Clouds,2024-04-02T13:24:40.070Z
11.3,Rain,2024-04-02T12:42:10.628Z
10.72,Clouds,2024-04-02T11:22:35.964Z
10.49,Clouds,2024-04-02T10:29:31.432Z
10.82,Clouds,2024-04-02T09:24:05.180Z
9.86,Clouds,2024-04-02T08:28:09.097Z
9.12,Clouds,2024-04-02T07:24:40.823Z
8.54,Clouds,2024-04-02T06:29:16.340Z
7.84,Clouds,2024-04-02T05:26:23.432Z
7.41,Clouds,2024-04-02T04:29:27.329Z
7.52,Clear,2024-04-02T03:26:11.825Z
7.58,Clear,2024-04-02T02:32:25.790Z
7.75,Clear,2024-04-02T01:32:01.987Z
8.63,Clear,2024-04-01T23:25:01.428Z
9.1,Clouds,2024-04-01T22:27:21.476Z
9.98,Clouds,2024-04-01T20:26:29.404Z
10.51,Clouds,2024-04-01T19:22:33.204Z
11.9,Clouds,2024-04-01T18:28:16.148Z
12.51,Clouds,2024-04-01T17:28:44.642Z
12.94,Clouds,2024-04-01T16:31:18.469Z
13.03,Clouds,2024-04-01T15:25:07.517Z
12.51,Clouds,2024-04-01T14:26:52.598Z
11.78,Clouds,2024-04-01T13:24:17.746Z
10.99,Clouds,2024-04-01T12:42:55.101Z
10.72,Clouds,2024-04-01T11:22:45.930Z
10.53,Clouds,2024-04-01T10:29:55.273Z
9.99,Clouds,2024-04-01T09:25:18.777Z
9.48,Clouds,2024-04-01T08:29:59.414Z
8.98,Clouds,2024-04-01T07:22:32.213Z
8.26,Clouds,2024-04-01T06:29:23.757Z
7.93,Fog,2024-04-01T05:28:41.475Z
7.82,Fog,2024-04-01T04:28:42.551Z
7.99,Fog,2024-04-01T03:24:55.337Z
8.33,Fog,2024-04-01T02:35:58.044Z
8.64,Clouds,2024-04-01T01:35:36.067Z
10.28,Clouds,2024-03-31T23:22:45.639Z
10.34,Clouds,2024-03-31T22:28:02.929Z
10.4,Clouds,2024-03-31T21:22:48.578Z
10.56,Clouds,2024-03-31T20:25:53.311Z
10.64,Clouds,2024-03-31T19:22:45.130Z
11.1,Clouds,2024-03-31T18:26:38.298Z
11.82,Rain,2024-03-31T17:26:05.524Z
12.84,Drizzle,2024-03-31T16:28:43.588Z
13.49,Drizzle,2024-03-31T15:23:10.341Z
14.81,Clouds,2024-03-31T14:25:09.171Z
14.88,Clouds,2024-03-31T13:24:13.682Z
14.26,Clouds,2024-03-31T12:38:15.387Z
12.13,Clouds,2024-03-31T11:22:52.301Z
9.85,Clouds,2024-03-31T10:28:25.145Z
8.77,Clouds,2024-03-31T09:22:39.019Z
8.01,Clouds,2024-03-31T08:27:41.983Z
7.4,Rain,2024-03-31T07:22:39.565Z
7.22,Clouds,2024-03-31T06:28:15.917Z
6.91,Clouds,2024-03-31T05:26:21.714Z
6.5,Fog,2024-03-31T04:29:23.120Z
5.73,Fog,2024-03-31T03:25:34.560Z
5.59,Fog,2024-03-31T02:31:38.777Z
4.95,Mist,2024-03-31T01:34:28.477Z
5.48,Fog,2024-03-30T23:22:42.974Z
5.73,Fog,2024-03-30T22:28:38.920Z
6.12,Fog,2024-03-30T21:22:42.836Z
6.9,Clear,2024-03-30T20:23:23.503Z
7.86,Clouds,2024-03-30T19:22:51.538Z
8.64,Clouds,2024-03-30T18:27:50.831Z
9.37,Clouds,2024-03-30T17:24:04.136Z
9.46,Clouds,2024-03-30T16:28:56.357Z
9.11,Drizzle,2024-03-30T15:24:01.714Z
9.34,Drizzle,2024-03-30T14:24:42.324Z
9.57,Drizzle,2024-03-30T13:24:04.258Z
9.52,Drizzle,2024-03-30T12:37:13.582Z
9.54,Drizzle,2024-03-30T11:22:54.443Z
9.25,Drizzle,2024-03-30T10:27:58.791Z
9.03,Clouds,2024-03-30T09:22:30.722Z
9.07,Clouds,2024-03-30T08:27:31.571Z
9.08,Rain,2024-03-30T07:23:24.598Z
9.08,Drizzle,2024-03-30T06:27:16.404Z
9.07,Clear,2024-03-30T05:29:12.860Z
9.43,Clouds,2024-03-30T04:26:48.794Z
9.9,Rain,2024-03-30T03:26:17.930Z
10.02,Clear,2024-03-30T02:26:38.219Z
10.63,Clouds,2024-03-30T01:22:19.078Z
11.2,Clouds,2024-03-29T23:23:07.746Z
11.06,Clear,2024-03-29T22:27:20.279Z
11.05,Clear,2024-03-29T21:22:45.730Z
11.13,Clear,2024-03-29T20:25:18.511Z
11.55,Clear,2024-03-29T19:22:52.840Z
12.32,Clear,2024-03-29T18:27:48.253Z
13.55,Clouds,2024-03-29T17:25:51.380Z
14.19,Clouds,2024-03-29T16:31:04.017Z
14.22,Clouds,2024-03-29T15:24:09.488Z
13.79,Clouds,2024-03-29T14:25:47.609Z
13.58,Clouds,2024-03-29T13:25:00.940Z
13.27,Clouds,2024-03-29T12:41:42.595Z
11.94,Clouds,2024-03-29T11:22:45.441Z
11.34,Clouds,2024-03-29T10:28:49.867Z
10.38,Clouds,2024-03-29T09:25:06.105Z
9.59,Clouds,2024-03-29T08:27:18.217Z
8.48,Clear,2024-03-29T07:24:48.926Z
8.55,Clouds,2024-03-29T06:29:31.069Z
8.93,Clouds,2024-03-29T05:26:49.015Z
9,Clouds,2024-03-29T04:29:07.428Z
8.84,Clear,2024-03-29T03:24:01.327Z
8.9,Clouds,2024-03-29T02:28:37.702Z
8.99,Clear,2024-03-29T01:27:32.920Z
9.74,Clouds,2024-03-28T23:23:21.452Z
10.21,Clear,2024-03-28T22:27:22.742Z
10.64,Clear,2024-03-28T21:22:36.832Z
10.68,Clouds,2024-03-28T20:25:28.490Z
10.37,Clear,2024-03-28T19:22:52.542Z
10.26,Clear,2024-03-28T18:28:01.048Z
10.25,Clear,2024-03-28T17:27:23.320Z
9.78,Clouds,2024-03-28T16:30:12.613Z
11.07,Clouds,2024-03-28T15:25:21.669Z
11.96,Clouds,2024-03-28T14:28:21.055Z
11.26,Clouds,2024-03-28T13:24:29.465Z
10.59,Clouds,2024-03-28T12:41:39.034Z
8.92,Clouds,2024-03-28T11:22:46.952Z
7.52,Clouds,2024-03-28T10:29:33.173Z
7.31,Rain,2024-03-28T09:24:53.668Z
8.19,Drizzle,2024-03-28T08:28:07.593Z
8.18,Clouds,2024-03-28T07:22:49.126Z
7.59,Clear,2024-03-28T06:28:20.820Z
7.16,Clear,2024-03-28T05:28:59.956Z
7.11,Clear,2024-03-28T04:27:12.640Z
7.08,Clear,2024-03-28T03:25:30.910Z
7.09,Clear,2024-03-28T02:32:20.911Z
7.38,Clear,2024-03-28T01:27:58.684Z
7.54,Clear,2024-03-27T23:23:25.608Z
7.61,Clear,2024-03-27T22:28:43.793Z
8.27,Clear,2024-03-27T21:22:46.947Z
9.02,Clear,2024-03-27T20:24:05.471Z
9.41,Clouds,2024-03-27T19:22:46.868Z
10.67,Clouds,2024-03-27T18:28:20.943Z
11.75,Clouds,2024-03-27T17:26:02.285Z
11.87,Clouds,2024-03-27T16:33:07.928Z
11.97,Clouds,2024-03-27T15:24:57.228Z
12.31,Clouds,2024-03-27T14:27:22.050Z
12.22,Clouds,2024-03-27T13:24:36.627Z
11.64,Clouds,2024-03-27T12:41:27.771Z
10.3,Clouds,2024-03-27T11:23:09.832Z
9.54,Clouds,2024-03-27T10:28:59.912Z
9.44,Clouds,2024-03-27T09:24:45.768Z
9.04,Clouds,2024-03-27T08:29:15.902Z
8.79,Clouds,2024-03-27T07:22:42.410Z
8.69,Clouds,2024-03-27T06:28:30.551Z
9.56,Clouds,2024-03-27T05:27:29.647Z
10.47,Clouds,2024-03-27T04:30:40.178Z
10.87,Clouds,2024-03-27T03:25:08.792Z
10.94,Clouds,2024-03-27T02:28:50.618Z
10.92,Clouds,2024-03-27T01:28:04.804Z
10.88,Clouds,2024-03-26T23:25:44.021Z
10.4,Drizzle,2024-03-26T22:27:55.171Z
10.01,Clouds,2024-03-26T21:23:27.348Z
10.1,Rain,2024-03-26T20:25:08.112Z
9.76,Clear,2024-03-26T19:22:46.560Z
10.35,Clear,2024-03-26T18:28:26.505Z
11.25,Clear,2024-03-26T17:25:20.563Z
11.3,Clear,2024-03-26T16:30:38.061Z
11.27,Clear,2024-03-26T15:24:32.145Z
11.43,Clear,2024-03-26T14:28:31.123Z
11.1,Clear,2024-03-26T13:24:35.589Z
10.73,Clear,2024-03-26T12:41:00.082Z
10.39,Clear,2024-03-26T11:22:47.718Z
10.17,Clear,2024-03-26T10:31:18.449Z
9.1,Clear,2024-03-26T09:23:46.056Z
7.61,Clear,2024-03-26T08:29:11.841Z
6.3,Clear,2024-03-26T07:22:48.331Z
5.24,Clear,2024-03-26T06:30:02.329Z
5.07,Clear,2024-03-26T05:26:13.137Z
5.38,Clear,2024-03-26T04:28:05.642Z
5.7,Clear,2024-03-26T03:23:41.007Z
5.94,Clear,2024-03-26T02:31:02.545Z
6.12,Clear,2024-03-26T01:27:17.158Z
7.29,Clear,2024-03-25T23:25:04.249Z
7.7,Clear,2024-03-25T22:27:44.416Z
7.69,Clear,2024-03-25T21:23:41.386Z
7.83,Clear,2024-03-25T20:24:39.884Z
8.21,Clear,2024-03-25T19:22:35.411Z
8.87,Clear,2024-03-25T18:28:47.460Z
10.16,Clouds,2024-03-25T17:25:31.718Z
11.1,Clouds,2024-03-25T16:29:50.265Z
11.61,Clouds,2024-03-25T15:25:29.340Z
11.7,Clouds,2024-03-25T14:27:07.572Z
11.78,Clouds,2024-03-25T13:25:04.548Z
11.71,Clouds,2024-03-25T12:40:27.025Z
10.61,Clouds,2024-03-25T11:22:35.148Z
9.81,Clouds,2024-03-25T10:28:14.389Z
9,Clouds,2024-03-25T09:23:36.080Z
7.84,Clouds,2024-03-25T08:28:54.720Z
5.36,Clouds,2024-03-25T07:22:43.328Z
3.67,Clouds,2024-03-25T06:29:58.620Z
3.05,Clouds,2024-03-25T05:28:02.193Z
3.34,Clouds,2024-03-25T04:29:30.442Z
4.32,Clouds,2024-03-25T03:26:45.161Z
4.59,Clouds,2024-03-25T02:31:28.428Z
4.35,Clouds,2024-03-25T01:29:42.726Z
5.87,Clouds,2024-03-24T23:25:08.288Z
5.88,Clouds,2024-03-24T22:27:16.473Z
6.06,Clouds,2024-03-24T21:22:56.179Z
6.32,Rain,2024-03-24T20:23:00.521Z
6.75,Clouds,2024-03-24T19:22:47.422Z
7.12,Clouds,2024-03-24T18:29:31.024Z
7.1,Clouds,2024-03-24T17:25:47.722Z
7.36,Drizzle,2024-03-24T16:28:02.907Z
7.93,Clouds,2024-03-24T15:23:18.010Z
7.91,Clouds,2024-03-24T14:25:21.234Z
7.76,Clouds,2024-03-24T13:24:13.400Z
7.82,Clouds,2024-03-24T12:41:01.711Z
8.02,Clouds,2024-03-24T11:22:49.486Z
7.93,Clouds,2024-03-24T10:27:20.471Z
6.41,Clouds,2024-03-24T09:23:29.075Z
6.79,Rain,2024-03-24T08:26:26.923Z
7.08,Clouds,2024-03-24T07:22:35.968Z
6.44,Clouds,2024-03-24T06:28:27.488Z
5.78,Clouds,2024-03-24T05:26:16.950Z
5.4,Clouds,2024-03-24T04:29:16.953Z
5.27,Rain,2024-03-24T03:23:52.137Z
6.36,Rain,2024-03-24T02:31:39.655Z
7,Clouds,2024-03-24T01:33:57.789Z
6.15,Rain,2024-03-23T23:22:33.975Z
6.72,Clear,2024-03-23T22:26:22.218Z
6.12,Clouds,2024-03-23T21:22:42.469Z
5.74,Clouds,2024-03-23T20:23:30.280Z
5.79,Clouds,2024-03-23T19:23:05.356Z
6.21,Clouds,2024-03-23T18:26:06.745Z
7.06,Clouds,2024-03-23T17:25:09.760Z
7.93,Clouds,2024-03-23T16:28:59.902Z
9.01,Clouds,2024-03-23T15:24:35.275Z
8.55,Clouds,2024-03-23T14:24:58.343Z
7.64,Clouds,2024-03-23T13:23:19.311Z
7.19,Clouds,2024-03-23T12:39:45.802Z
8.12,Clouds,2024-03-23T11:23:01.802Z
7.99,Clouds,2024-03-23T10:27:28.993Z
7.52,Clouds,2024-03-23T09:22:32.769Z
7.58,Clouds,2024-03-23T08:25:43.394Z
6.77,Clouds,2024-03-23T07:22:41.983Z
6.31,Clouds,2024-03-23T06:30:49.508Z
6.21,Clouds,2024-03-23T05:27:25.823Z
6.07,Clouds,2024-03-23T04:28:01.690Z
5.76,Clouds,2024-03-23T03:24:56.629Z
6.03,Clouds,2024-03-23T02:28:13.512Z
6.3,Clear,2024-03-23T01:23:39.461Z
7.46,Clear,2024-03-22T23:22:56.798Z
7.35,Clouds,2024-03-22T22:27:32.653Z
7.72,Clear,2024-03-22T21:22:48.602Z
8.1,Clouds,2024-03-22T20:23:22.004Z
8.41,Clouds,2024-03-22T19:22:45.763Z
8.75,Rain,2024-03-22T18:26:42.604Z
9.21,Clouds,2024-03-22T17:25:10.025Z
9.39,Clouds,2024-03-22T16:29:42.938Z
9.8,Clouds,2024-03-22T15:24:08.836Z
10.2,Clouds,2024-03-22T14:27:39.426Z
10.41,Clouds,2024-03-22T13:23:50.490Z
10.32,Clouds,2024-03-22T12:40:07.953Z
10.06,Drizzle,2024-03-22T11:22:36.440Z
9.98,Drizzle,2024-03-22T10:29:19.733Z
9.93,Drizzle,2024-03-22T09:25:34.069Z
9.95,Drizzle,2024-03-22T08:27:25.185Z
10.31,Drizzle,2024-03-22T07:22:34.661Z
10.17,Clouds,2024-03-22T06:28:17.361Z
10.16,Clouds,2024-03-22T05:28:55.658Z
10.1,Clouds,2024-03-22T04:26:55.026Z
10.13,Clouds,2024-03-22T03:24:31.061Z
10.24,Clouds,2024-03-22T02:28:43.547Z
10.72,Clouds,2024-03-22T01:26:57.436Z
10.86,Clouds,2024-03-21T23:26:14.706Z
10.65,Clear,2024-03-21T22:27:27.871Z
10.23,Clear,2024-03-21T21:22:56.248Z
10.13,Clouds,2024-03-21T20:24:29.786Z
10.01,Clear,2024-03-21T19:22:49.315Z
9.9,Clear,2024-03-21T18:27:54.598Z
10,Clouds,2024-03-21T17:25:32.186Z
10.02,Clouds,2024-03-21T16:31:57.699Z
9.59,Clouds,2024-03-21T15:24:55.741Z
9.33,Clouds,2024-03-21T14:26:52.841Z
9.04,Clouds,2024-03-21T13:26:23.953Z
9.07,Clouds,2024-03-21T12:40:38.609Z
8.98,Clouds,2024-03-21T11:22:58.179Z
8.7,Clouds,2024-03-21T10:27:09.899Z
8.31,Clouds,2024-03-21T09:23:42.805Z
8.01,Clouds,2024-03-21T08:27:05.911Z
7.78,Clouds,2024-03-21T07:22:50.758Z
7.8,Clouds,2024-03-21T06:28:41.996Z
7.88,Clouds,2024-03-21T05:26:38.510Z
8.04,Clouds,2024-03-21T04:29:22.122Z
8.6,Clouds,2024-03-21T03:24:58.438Z
9.41,Clouds,2024-03-21T02:30:47.674Z
10.21,Clouds,2024-03-21T01:28:37.682Z
10.3,Clouds,2024-03-20T23:24:54.249Z
10.56,Clear,2024-03-20T22:26:00.064Z
10.97,Clear,2024-03-20T21:22:55.256Z
11.23,Clear,2024-03-20T20:24:48.920Z
11.95,Clear,2024-03-20T19:22:55.204Z
12.74,Clear,2024-03-20T18:28:40.795Z
13.85,Clear,2024-03-20T17:26:24.754Z
14.64,Rain,2024-03-20T16:31:09.259Z
15.3,Drizzle,2024-03-20T15:25:38.810Z
15.51,Drizzle,2024-03-20T14:27:11.328Z
15.54,Clear,2024-03-20T13:26:37.123Z
14.95,Clear,2024-03-20T12:39:52.813Z
13.81,Clouds,2024-03-20T11:22:51.540Z
13.15,Rain,2024-03-20T10:28:19.780Z
12.53,Clouds,2024-03-20T09:24:37.642Z
11.34,Clouds,2024-03-20T08:27:34.400Z
9.6,Clouds,2024-03-20T07:22:43.994Z
8.58,Clouds,2024-03-20T06:30:18.398Z
8.51,Clear,2024-03-20T05:28:47.518Z
8.76,Clear,2024-03-20T04:28:46.500Z
8.95,Clear,2024-03-20T03:24:40.469Z
9.69,Clouds,2024-03-20T02:28:17.426Z
10.18,Clouds,2024-03-20T01:27:06.957Z
10.38,Clouds,2024-03-19T23:24:21.658Z
10.74,Clouds,2024-03-19T22:26:59.601Z
10.88,Clouds,2024-03-19T21:23:47.261Z
10.98,Clouds,2024-03-19T20:24:25.013Z
11.23,Clear,2024-03-19T19:22:48.708Z
11.7,Clouds,2024-03-19T18:27:49.158Z
12.56,Clouds,2024-03-19T17:26:32.483Z
13.46,Clouds,2024-03-19T16:31:53.454Z
14.59,Clouds,2024-03-19T15:26:05.059Z
14.87,Clouds,2024-03-19T14:27:19.564Z
16.04,Clouds,2024-03-19T13:23:03.840Z
15.87,Clouds,2024-03-19T12:40:45.420Z
15.13,Clouds,2024-03-19T11:22:40.679Z
13.35,Clouds,2024-03-19T10:28:29.596Z
11.85,Clouds,2024-03-19T09:22:56.692Z
11.21,Clouds,2024-03-19T08:27:26.131Z
10.71,Clouds,2024-03-19T07:22:32.668Z
10.21,Clouds,2024-03-19T06:28:01.153Z
10.07,Clouds,2024-03-19T05:27:40.157Z
10.03,Clouds,2024-03-19T04:27:46.732Z
9.91,Clouds,2024-03-19T03:24:24.863Z
9.68,Clouds,2024-03-19T02:28:39.663Z
9.37,Clouds,2024-03-19T01:27:39.786Z
8.29,Clouds,2024-03-18T23:23:51.573Z
8.05,Clouds,2024-03-18T22:27:11.184Z
8.47,Clouds,2024-03-18T21:22:42.731Z
8.52,Clouds,2024-03-18T20:24:57.698Z
9.1,Clear,2024-03-18T19:22:34.031Z
9.38,Clouds,2024-03-18T18:27:39.436Z
12.13,Clouds,2024-03-18T17:26:28.564Z
13.53,Clouds,2024-03-18T16:31:25.846Z
14.03,Clouds,2024-03-18T15:24:10.498Z
14.4,Clouds,2024-03-18T14:28:06.016Z
14.41,Clouds,2024-03-18T13:25:01.723Z
13.91,Clouds,2024-03-18T12:41:39.724Z
13.31,Clear,2024-03-18T11:22:43.438Z
12.56,Clouds,2024-03-18T10:29:18.469Z
11.37,Clouds,2024-03-18T09:23:57.890Z
10.63,Clouds,2024-03-18T08:27:51.113Z
10.31,Clouds,2024-03-18T07:22:34.050Z
10.26,Drizzle,2024-03-18T06:29:12.810Z
10.24,Drizzle,2024-03-18T05:27:25.571Z
10.11,Drizzle,2024-03-18T04:27:19.996Z
10.11,Drizzle,2024-03-18T03:27:06.840Z
10.37,Clouds,2024-03-18T02:28:47.994Z
10.69,Clouds,2024-03-18T01:28:06.641Z
10.88,Drizzle,2024-03-17T23:25:12.010Z
10.66,Drizzle,2024-03-17T22:25:44.967Z
10.59,Drizzle,2024-03-17T21:22:55.577Z
10.59,Clouds,2024-03-17T20:23:19.303Z
10.69,Rain,2024-03-17T19:22:33.981Z
10.77,Clouds,2024-03-17T18:25:52.907Z
11.37,Rain,2024-03-17T17:25:34.757Z
12.38,Rain,2024-03-17T16:28:02.058Z
12.91,Clouds,2024-03-17T15:23:32.462Z
13.01,Clouds,2024-03-17T14:24:24.797Z
12.26,Clouds,2024-03-17T13:24:55.584Z
12.35,Clouds,2024-03-17T12:37:51.437Z
11.32,Clouds,2024-03-17T11:26:35.062Z
10.53,Clouds,2024-03-17T10:26:49.651Z
9.54,Clouds,2024-03-17T09:22:35.393Z
8.63,Clouds,2024-03-17T08:25:36.706Z
7.54,Clouds,2024-03-17T07:22:44.437Z
6.94,Clouds,2024-03-17T06:27:32.439Z
6.7,Clear,2024-03-17T05:28:04.995Z
6.66,Clear,2024-03-17T04:28:27.098Z
6.66,Clear,2024-03-17T03:25:03.949Z
6.1,Clouds,2024-03-17T02:29:27.596Z
5.84,Clouds,2024-03-17T01:31:43.765Z
4.85,Clear,2024-03-16T23:23:51.518Z
4.43,Clear,2024-03-16T22:26:21.228Z
4.6,Clear,2024-03-16T21:22:43.662Z
5.22,Clear,2024-03-16T20:22:45.109Z
5.9,Clear,2024-03-16T19:22:49.346Z
7.04,Clouds,2024-03-16T18:30:08.323Z
8.46,Clouds,2024-03-16T17:28:18.200Z
9.27,Clouds,2024-03-16T16:27:13.303Z
9.6,Clouds,2024-03-16T15:22:50.294Z
9.62,Clouds,2024-03-16T14:25:28.880Z
9.83,Clouds,2024-03-16T13:23:20.183Z
9.86,Clouds,2024-03-16T12:39:31.866Z
9.39,Clouds,2024-03-16T11:22:33.306Z
8.99,Clouds,2024-03-16T10:28:44.679Z
8.39,Clouds,2024-03-16T09:22:47.674Z
8.08,Clouds,2024-03-16T08:26:25.258Z
7.41,Clouds,2024-03-16T07:22:37.103Z
7.42,Clouds,2024-03-16T06:27:11.822Z
7.19,Clouds,2024-03-16T05:27:28.711Z
7.66,Drizzle,2024-03-16T04:29:21.279Z
8.06,Clouds,2024-03-16T03:25:28.891Z
8.24,Clouds,2024-03-16T02:29:35.006Z
9.56,Clouds,2024-03-16T01:23:00.613Z
11.1,Clouds,2024-03-15T23:24:00.483Z
10.97,Clouds,2024-03-15T22:27:42.709Z
10.87,Clear,2024-03-15T21:22:44.403Z
11.29,Clouds,2024-03-15T20:25:27.170Z
11.91,Clear,2024-03-15T19:22:51.015Z
12.09,Clouds,2024-03-15T18:28:29.989Z
13.14,Clouds,2024-03-15T17:25:59.268Z
14.06,Clouds,2024-03-15T16:30:19.170Z
14.23,Clouds,2024-03-15T15:23:52.282Z
14.66,Clouds,2024-03-15T14:26:40.547Z
14.04,Clouds,2024-03-15T13:24:36.216Z
14.12,Clouds,2024-03-15T12:39:52.479Z
13.85,Clouds,2024-03-15T11:22:35.641Z
13.57,Clouds,2024-03-15T10:27:56.706Z
13.34,Clouds,2024-03-15T09:22:48.421Z
12.8,Clouds,2024-03-15T08:29:26.911Z
12.05,Clouds,2024-03-15T07:23:00.803Z
11.84,Clouds,2024-03-15T06:28:28.987Z
12,Clouds,2024-03-15T05:27:22.983Z
12.29,Clouds,2024-03-15T04:28:07.677Z
12.12,Clouds,2024-03-15T03:25:45.383Z
12.76,Rain,2024-03-15T02:29:31.971Z
12.71,Rain,2024-03-15T01:27:56.058Z
12.4,Clear,2024-03-14T23:23:07.082Z
12.87,Clear,2024-03-14T22:26:15.668Z
13.6,Clear,2024-03-14T21:22:36.574Z
14.12,Clear,2024-03-14T20:25:04.143Z
14.29,Clear,2024-03-14T19:22:37.900Z
14.59,Clear,2024-03-14T18:27:58.618Z
15.54,Clear,2024-03-14T17:25:41.080Z
16.34,Clear,2024-03-14T16:30:00.662Z
17.24,Clear,2024-03-14T15:24:45.463Z
17.31,Clear,2024-03-14T14:27:40.959Z
17.02,Clouds,2024-03-14T13:25:09.110Z
16.6,Clouds,2024-03-14T12:41:02.467Z
15.37,Clouds,2024-03-14T11:22:56.560Z
13.92,Clouds,2024-03-14T10:29:04.759Z
11.84,Clouds,2024-03-14T09:23:40.320Z
10.51,Clouds,2024-03-14T08:27:27.595Z
8.84,Clear,2024-03-14T07:24:43.157Z
8.32,Clear,2024-03-14T06:28:44.123Z
8.64,Clear,2024-03-14T05:26:10.685Z
8.94,Clear,2024-03-14T04:27:16.722Z
9.51,Clear,2024-03-14T03:24:21.771Z
10.02,Clouds,2024-03-14T02:28:14.299Z
10.36,Clear,2024-03-14T01:26:39.780Z
11.21,Clouds,2024-03-13T23:23:31.799Z
11.61,Clouds,2024-03-13T22:26:35.687Z
11.62,Clouds,2024-03-13T21:23:13.588Z
11.75,Clouds,2024-03-13T20:22:45.942Z
11.8,Clouds,2024-03-13T19:23:10.597Z
11.81,Clouds,2024-03-13T18:27:28.210Z
11.86,Clouds,2024-03-13T17:26:10.503Z
12.1,Clouds,2024-03-13T16:29:10.367Z
12.55,Clouds,2024-03-13T15:24:36.876Z
11.76,Clouds,2024-03-13T14:27:02.253Z
11.58,Drizzle,2024-03-13T13:23:47.966Z
11.8,Clouds,2024-03-13T12:40:48.678Z
11.78,Clouds,2024-03-13T11:23:34.201Z
11.65,Clouds,2024-03-13T10:28:37.361Z
10.87,Clouds,2024-03-13T09:24:15.998Z
10.62,Clouds,2024-03-13T08:27:35.072Z
10.47,Clouds,2024-03-13T07:22:47.074Z
10.29,Clouds,2024-03-13T06:28:37.772Z
10.09,Clouds,2024-03-13T05:28:52.025Z
10.1,Clouds,2024-03-13T04:26:59.562Z
10.08,Drizzle,2024-03-13T03:25:18.356Z
9.88,Mist,2024-03-13T02:30:31.816Z
9.55,Drizzle,2024-03-13T01:29:41.822Z
8.92,Drizzle,2024-03-12T23:24:47.043Z
8.86,Mist,2024-03-12T22:27:34.636Z
8.83,Mist,2024-03-12T21:22:51.977Z
8.86,Drizzle,2024-03-12T20:25:15.677Z
8.95,Drizzle,2024-03-12T19:22:52.146Z
9.16,Clouds,2024-03-12T18:27:39.967Z
9.72,Clouds,2024-03-12T17:26:40.052Z
10.05,Clouds,2024-03-12T16:30:22.950Z
10.75,Clouds,2024-03-12T15:24:03.258Z
10.71,Clouds,2024-03-12T14:26:35.958Z
10.49,Clouds,2024-03-12T13:24:18.325Z
10.21,Clouds,2024-03-12T12:40:29.576Z
8.76,Clouds,2024-03-12T11:22:40.540Z
7.79,Clouds,2024-03-12T10:28:21.818Z
7.19,Clouds,2024-03-12T09:27:48.173Z
7.13,Drizzle,2024-03-12T08:27:19.655Z
6.91,Clouds,2024-03-12T07:22:50.676Z
6.87,Clouds,2024-03-12T06:28:18.749Z
6.9,Clouds,2024-03-12T05:27:28.929Z
6.93,Clouds,2024-03-12T04:29:31.544Z
6.99,Clouds,2024-03-12T03:27:45.927Z
7.11,Drizzle,2024-03-12T02:27:54.013Z
7.01,Drizzle,2024-03-12T01:26:13.221Z
6.93,Rain,2024-03-11T23:23:59.012Z
6.99,Mist,2024-03-11T22:26:53.040Z
7.01,Mist,2024-03-11T21:24:18.637Z
7.01,Mist,2024-03-11T20:25:30.903Z
7.04,Clouds,2024-03-11T19:22:47.587Z
7.02,Mist,2024-03-11T18:27:58.420Z
7.14,Rain,2024-03-11T17:26:03.621Z
7.17,Drizzle,2024-03-11T16:29:29.351Z
7.14,Clouds,2024-03-11T15:25:17.082Z
7.19,Clouds,2024-03-11T14:27:00.376Z
7.02,Drizzle,2024-03-11T13:24:44.357Z
6.99,Drizzle,2024-03-11T12:41:24.062Z
7.04,Drizzle,2024-03-11T11:22:49.223Z
7.05,Drizzle,2024-03-11T10:30:29.387Z
7.03,Drizzle,2024-03-11T09:24:54.902Z
6.94,Drizzle,2024-03-11T08:28:17.631Z
6.82,Rain,2024-03-11T07:22:35.918Z
6.74,Rain,2024-03-11T06:30:37.259Z
6.74,Clouds,2024-03-11T05:28:00.828Z
6.91,Clouds,2024-03-11T04:29:15.403Z
7.13,Clouds,2024-03-11T03:27:09.141Z
7.19,Clouds,2024-03-11T02:30:18.317Z
7.68,Clear,2024-03-11T01:27:59.426Z
8.33,Clear,2024-03-10T23:23:38.414Z
8.66,Clear,2024-03-10T22:27:47.851Z
9.03,Clear,2024-03-10T21:22:31.183Z
9.4,Clear,2024-03-10T20:25:14.489Z
9.67,Clear,2024-03-10T19:22:45.382Z
9.85,Clear,2024-03-10T18:25:29.684Z
10.49,Clear,2024-03-10T17:27:27.309Z
11.17,Clear,2024-03-10T16:27:57.633Z
11.44,Clear,2024-03-10T15:23:06.076Z
11.62,Clear,2024-03-10T14:25:17.778Z
11.38,Clear,2024-03-10T13:24:29.513Z
10.84,Clear,2024-03-10T12:36:16.997Z
9.85,Clear,2024-03-10T11:22:43.478Z
8.92,Clear,2024-03-10T10:26:56.897Z
7.92,Clear,2024-03-10T09:24:15.282Z
7.04,Clear,2024-03-10T08:27:53.475Z
6.34,Clear,2024-03-10T07:22:53.777Z
6.07,Clear,2024-03-10T06:26:57.115Z
6.4,Clear,2024-03-10T05:27:13.830Z
6.69,Clear,2024-03-10T04:28:17.572Z
6.96,Clear,2024-03-10T03:24:00.023Z
6.91,Clear,2024-03-10T02:31:46.302Z
7.39,Clear,2024-03-10T01:31:42.421Z
8.41,Clear,2024-03-09T23:24:24.969Z
8.88,Clear,2024-03-09T22:27:55.449Z
9.17,Clear,2024-03-09T21:23:20.738Z
9.39,Clear,2024-03-09T20:22:30.558Z
9.83,Clear,2024-03-09T19:23:01.060Z
10.61,Clear,2024-03-09T18:26:46.183Z
11.33,Clear,2024-03-09T17:27:22.816Z
12.15,Clear,2024-03-09T16:29:03.499Z
12.59,Clear,2024-03-09T15:22:58.257Z
12.94,Clear,2024-03-09T14:27:10.981Z
12.38,Clear,2024-03-09T13:22:46.668Z
12.26,Clear,2024-03-09T12:36:12.617Z
10.13,Clear,2024-03-09T11:22:41.076Z
8.46,Clear,2024-03-09T10:30:44.916Z
6.06,Clear,2024-03-09T09:24:59.579Z
5.56,Clear,2024-03-09T08:27:23.168Z
4.36,Clear,2024-03-09T07:22:57.187Z
3.76,Clear,2024-03-09T06:29:35.934Z
3.69,Clear,2024-03-09T05:29:06.548Z
3.78,Clear,2024-03-09T04:26:17.237Z
3.83,Clear,2024-03-09T03:26:29.505Z
4.12,Clear,2024-03-09T02:25:46.686Z
4.63,Clear,2024-03-09T01:18:29.672Z
5.28,Clear,2024-03-08T23:24:50.292Z
5.44,Clear,2024-03-08T22:28:36.264Z
5.88,Clear,2024-03-08T21:22:35.514Z
6.46,Clear,2024-03-08T20:22:55.333Z
6.86,Clear,2024-03-08T19:22:54.358Z
7.41,Clear,2024-03-08T18:28:19.536Z
8.54,Clear,2024-03-08T17:25:14.046Z
9.51,Clear,2024-03-08T16:28:13.001Z
9.92,Clear,2024-03-08T15:24:31.162Z
10.05,Clouds,2024-03-08T14:27:09.618Z
9.64,Clear,2024-03-08T13:24:22.688Z
8.66,Clear,2024-03-08T12:40:05.719Z
7.36,Clear,2024-03-08T11:23:25.239Z
6,Clear,2024-03-08T10:31:14.372Z
4.46,Clear,2024-03-08T09:22:55.386Z
3.38,Clear,2024-03-08T08:30:46.240Z
2.21,Clear,2024-03-08T07:25:18.241Z
1.55,Clear,2024-03-08T06:28:00.818Z
1.56,Clear,2024-03-08T05:29:14.022Z
1.87,Clear,2024-03-08T04:27:17.420Z
2.43,Clear,2024-03-08T03:23:45.390Z
2.65,Clear,2024-03-08T02:29:46.616Z
3.03,Clear,2024-03-08T01:26:33.904Z
3.74,Clear,2024-03-07T23:25:56.232Z
3.94,Clear,2024-03-07T22:27:12.497Z
4.43,Clouds,2024-03-07T21:23:00.973Z
4.97,Clouds,2024-03-07T20:23:54.171Z
5.5,Clear,2024-03-07T19:22:49.347Z
5.98,Clouds,2024-03-07T18:27:35.925Z
6.69,Clouds,2024-03-07T17:29:09.980Z
7.54,Clouds,2024-03-07T16:29:13.297Z
8.09,Clouds,2024-03-07T15:23:50.682Z
8.64,Clouds,2024-03-07T14:26:57.465Z
9.26,Clouds,2024-03-07T13:23:42.672Z
9.01,Clouds,2024-03-07T12:39:43.456Z
8.16,Clouds,2024-03-07T11:23:10.099Z
7.27,Clear,2024-03-07T10:25:13.089Z
6,Clear,2024-03-07T09:22:36.808Z
4.79,Clouds,2024-03-07T08:23:12.807Z
3.94,Clouds,2024-03-07T07:22:35.797Z
3.73,Clouds,2024-03-07T06:27:53.187Z
4.37,Clouds,2024-03-07T05:26:04.746Z
4.39,Clouds,2024-03-07T04:26:35.649Z
4.09,Clouds,2024-03-07T03:22:44.675Z
4.17,Clouds,2024-03-07T02:22:58.415Z
4.07,Clouds,2024-03-07T01:44:00.553Z
4.24,Clouds,2024-03-07T01:07:58.054Z
5.3,Clouds,2024-03-06T23:22:47.105Z
6,Clear,2024-03-06T22:26:14.090Z
6.43,Clear,2024-03-06T21:22:55.093Z
7.1,Clear,2024-03-06T20:23:13.405Z
7.58,Clear,2024-03-06T19:22:37.314Z
8.46,Clouds,2024-03-06T18:28:01.158Z
9.65,Clouds,2024-03-06T17:26:54.056Z
10.66,Clouds,2024-03-06T16:30:41.008Z
11.25,Clouds,2024-03-06T15:25:44.856Z
11.53,Clouds,2024-03-06T14:26:26.839Z
11.44,Clouds,2024-03-06T13:24:19.242Z
11.31,Clouds,2024-03-06T12:41:18.595Z
10.41,Clouds,2024-03-06T11:22:49.558Z
9.3,Clouds,2024-03-06T10:29:01.161Z
7.62,Mist,2024-03-06T09:23:50.349Z
6.88,Mist,2024-03-06T08:29:59.930Z
5.94,Mist,2024-03-06T07:22:43.596Z
5.82,Mist,2024-03-06T06:29:38.335Z
5.79,Fog,2024-03-06T05:27:28.720Z
6.01,Fog,2024-03-06T04:27:32.448Z
6.16,Fog,2024-03-06T03:24:45.025Z
6.26,Mist,2024-03-06T02:27:37.916Z
6.3,Mist,2024-03-06T01:27:09.407Z
6.23,Clouds,2024-03-05T23:23:07.363Z
6.52,Clouds,2024-03-05T22:28:10.491Z
6.61,Drizzle,2024-03-05T21:22:46.352Z
6.73,Drizzle,2024-03-05T20:24:15.665Z
6.97,Drizzle,2024-03-05T19:22:46.268Z
7.11,Clouds,2024-03-05T18:27:42.508Z
7.64,Drizzle,2024-03-05T17:28:52.513Z
7.93,Drizzle,2024-03-05T16:28:47.826Z
8.16,Clouds,2024-03-05T15:24:00.998Z
8.14,Clouds,2024-03-05T14:25:53.347Z
8.13,Clouds,2024-03-05T13:23:51.627Z
8.07,Clouds,2024-03-05T12:41:22.353Z
7.74,Mist,2024-03-05T11:22:46.018Z
7.41,Rain,2024-03-05T10:30:49.786Z
7.08,Rain,2024-03-05T09:23:38.621Z
6.6,Clouds,2024-03-05T08:27:55.074Z
5.97,Mist,2024-03-05T07:22:38.019Z
5.55,Clouds,2024-03-05T06:28:45.305Z
4.81,Clouds,2024-03-05T05:26:19.107Z
4.5,Fog,2024-03-05T04:28:51.671Z
4.15,Fog,2024-03-05T03:25:22.133Z
3.62,Fog,2024-03-05T02:28:15.633Z
3.82,Fog,2024-03-05T01:26:19.034Z
4.43,Fog,2024-03-04T23:24:08.781Z
4.72,Clouds,2024-03-04T22:26:37.228Z
5.37,Clouds,2024-03-04T21:22:45.251Z
5.83,Clear,2024-03-04T20:24:46.299Z
6.36,Clear,2024-03-04T19:22:36.019Z
7.14,Clear,2024-03-04T18:28:13.828Z
8.43,Clear,2024-03-04T17:28:53.728Z
10.08,Clouds,2024-03-04T16:32:00.214Z
11.18,Clouds,2024-03-04T15:25:19.541Z
11.3,Clouds,2024-03-04T14:26:17.114Z
11.28,Clouds,2024-03-04T13:27:30.533Z
10.74,Clouds,2024-03-04T12:43:47.231Z
10.44,Clouds,2024-03-04T12:02:56.074Z
8.63,Clouds,2024-03-04T10:21:32.480Z
7.16,Clouds,2024-03-04T08:03:15.238Z
6.8,Clouds,2024-03-04T07:16:51.235Z
6.86,Clouds,2024-03-04T06:02:34.323Z
6.95,Clouds,2024-03-04T04:56:42.915Z
7.27,Clouds,2024-03-04T03:53:23.715Z
7.34,Clouds,2024-03-04T03:08:15.309Z
7.67,Clouds,2024-03-04T01:30:58.590Z
7.93,Clouds,2024-03-03T23:23:41.210Z
8.06,Clouds,2024-03-03T22:26:08.710Z
8.41,Clouds,2024-03-03T21:22:42.743Z
8.89,Clouds,2024-03-03T20:23:25.350Z
9.48,Clouds,2024-03-03T19:22:33.529Z
10.53,Clouds,2024-03-03T18:26:23.238Z
11.62,Clouds,2024-03-03T17:24:31.441Z
13.17,Clouds,2024-03-03T16:27:51.631Z
14.38,Clear,2024-03-03T15:23:59.585Z
14.89,Clear,2024-03-03T14:25:29.775Z
14.61,Clear,2024-03-03T13:22:42.141Z
14.11,Clear,2024-03-03T12:37:06.559Z
12.58,Clear,2024-03-03T11:22:53.080Z
11.9,Clouds,2024-03-03T10:30:49.166Z
10.75,Clouds,2024-03-03T09:22:58.403Z
9.54,Clear,2024-03-03T08:27:55.122Z
8.74,Clear,2024-03-03T07:22:44.748Z
8.71,Clear,2024-03-03T06:27:35.540Z
8.94,Clear,2024-03-03T05:27:11.456Z
9.48,Clear,2024-03-03T04:27:44.119Z
9.97,Clear,2024-03-03T03:23:20.175Z
10.62,Clouds,2024-03-03T02:29:31.687Z
10.58,Clouds,2024-03-03T01:29:59.784Z
10.27,Clear,2024-03-02T23:22:40.859Z
10.31,Clear,2024-03-02T22:26:12.152Z
10.35,Clear,2024-03-02T21:22:34.246Z
10.66,Clear,2024-03-02T20:22:44.370Z
11.19,Clear,2024-03-02T19:22:45.154Z
11.09,Clear,2024-03-02T18:28:02.190Z
11.26,Clear,2024-03-02T17:24:32.145Z
11.62,Clouds,2024-03-02T16:28:06.472Z
11.57,Clouds,2024-03-02T15:22:32.563Z
12.05,Clouds,2024-03-02T14:25:03.062Z
12.03,Clouds,2024-03-02T13:22:32.300Z
11.51,Clouds,2024-03-02T12:38:26.795Z
10.43,Clouds,2024-03-02T11:22:49.446Z
9.39,Clouds,2024-03-02T10:26:21.617Z
8.07,Clouds,2024-03-02T09:22:36.945Z
7.03,Clouds,2024-03-02T08:25:46.453Z
6.13,Clouds,2024-03-02T07:22:33.449Z
5.57,Clouds,2024-03-02T06:28:31.477Z
5.8,Clouds,2024-03-02T05:26:06.731Z
6.12,Clouds,2024-03-02T04:27:36.046Z
6.33,Clouds,2024-03-02T03:23:32.898Z
6.37,Clouds,2024-03-02T02:26:27.379Z
6.77,Drizzle,2024-03-02T01:20:35.388Z
8.71,Clouds,2024-03-01T23:23:24.351Z
8.14,Clouds,2024-03-01T22:26:32.074Z
7.55,Clouds,2024-03-01T21:22:39.777Z
6.77,Clouds,2024-03-01T20:24:24.579Z
7.02,Clouds,2024-03-01T19:23:01.358Z
7.19,Clouds,2024-03-01T18:29:21.264Z
7.3,Drizzle,2024-03-01T17:36:02.575Z
8.32,Rain,2024-03-01T16:29:01.759Z
9.19,Clouds,2024-03-01T15:25:47.585Z
9.23,Clouds,2024-03-01T14:26:24.849Z
9.17,Rain,2024-03-01T13:23:39.653Z
9.04,Rain,2024-03-01T12:40:08.677Z
8.74,Clouds,2024-03-01T11:22:46.014Z
7.74,Clouds,2024-03-01T10:29:01.260Z
7.14,Clouds,2024-03-01T09:26:11.130Z
6.17,Clouds,2024-03-01T08:27:28.183Z
5.41,Clouds,2024-03-01T07:22:45.848Z
5.52,Clouds,2024-03-01T06:28:53.314Z
6.06,Clouds,2024-03-01T05:26:56.045Z
6.23,Clouds,2024-03-01T04:28:37.700Z
8.34,Clouds,2024-03-01T03:27:57.731Z
9.04,Clouds,2024-03-01T02:31:50.182Z
8.95,Clouds,2024-03-01T01:33:27.589Z
8.83,Drizzle,2024-02-29T23:23:47.075Z
8.7,Clouds,2024-02-29T22:28:36.648Z
8.77,Clouds,2024-02-29T21:24:29.622Z
8.73,Clouds,2024-02-29T20:25:27.228Z
8.72,Clouds,2024-02-29T19:22:33.244Z
8.66,Clouds,2024-02-29T18:28:21.531Z
8.72,Rain,2024-02-29T17:25:43.539Z
8.75,Drizzle,2024-02-29T16:28:41.598Z
8.75,Drizzle,2024-02-29T15:24:24.340Z
8.84,Drizzle,2024-02-29T14:29:10.624Z
8.87,Drizzle,2024-02-29T13:23:38.681Z
8.76,Drizzle,2024-02-29T12:40:07.289Z
8.51,Drizzle,2024-02-29T11:22:56.978Z
8.2,Drizzle,2024-02-29T10:31:28.886Z
7.99,Drizzle,2024-02-29T09:23:51.301Z
7.83,Clouds,2024-02-29T08:26:43.448Z
7.61,Drizzle,2024-02-29T07:23:29.276Z
7.43,Clouds,2024-02-29T06:28:36.278Z
7.22,Drizzle,2024-02-29T05:27:41.516Z
7.05,Clouds,2024-02-29T04:28:11.964Z
7.04,Drizzle,2024-02-29T03:27:10.595Z
7.12,Drizzle,2024-02-29T02:27:46.397Z
7.34,Clouds,2024-02-29T01:25:58.475Z
7.51,Clouds,2024-02-28T23:26:22.765Z
7.57,Clouds,2024-02-28T22:26:15.801Z
7.88,Clouds,2024-02-28T21:22:32.262Z
8.35,Clouds,2024-02-28T20:24:19.565Z
8.24,Drizzle,2024-02-28T19:22:40.066Z
8.14,Clouds,2024-02-28T18:27:49.002Z
8.32,Drizzle,2024-02-28T17:27:23.995Z
8.7,Drizzle,2024-02-28T16:30:37.396Z
8.96,Clouds,2024-02-28T15:24:14.904Z
9.19,Clouds,2024-02-28T14:26:55.217Z
9.39,Clouds,2024-02-28T13:23:22.746Z
9.38,Clouds,2024-02-28T12:39:31.305Z
8.45,Clouds,2024-02-28T11:23:30.053Z
7.55,Clouds,2024-02-28T10:30:20.324Z
6.83,Clouds,2024-02-28T09:23:45.498Z
5.95,Clouds,2024-02-28T08:28:25.711Z
5.68,Drizzle,2024-02-28T07:22:45.509Z
5.53,Clouds,2024-02-28T06:28:22.426Z
5.2,Clouds,2024-02-28T05:27:08.528Z
5.07,Clouds,2024-02-28T04:28:37.773Z
4.55,Clouds,2024-02-28T03:23:56.562Z
3.96,Clouds,2024-02-28T02:28:58.361Z
3.22,Clouds,2024-02-28T01:26:50.059Z
4.38,Clouds,2024-02-27T23:22:54.712Z
4.16,Clouds,2024-02-27T22:27:33.622Z
3.24,Clear,2024-02-27T21:22:41.361Z
3.42,Clear,2024-02-27T20:24:33.606Z
4.09,Clouds,2024-02-27T19:22:51.348Z
4.83,Clouds,2024-02-27T18:26:27.705Z
5.55,Clouds,2024-02-27T17:27:55.025Z
6.59,Clouds,2024-02-27T16:30:44.884Z
7.72,Clouds,2024-02-27T15:24:57.346Z
8.05,Clouds,2024-02-27T14:26:45.185Z
7.86,Clouds,2024-02-27T13:24:01.382Z
7.61,Clouds,2024-02-27T12:39:22.321Z
7.08,Clouds,2024-02-27T11:22:34.414Z
6.49,Clouds,2024-02-27T10:29:26.589Z
5.95,Clouds,2024-02-27T09:23:55.352Z
3.98,Clouds,2024-02-27T08:27:00.969Z
2.38,Clouds,2024-02-27T07:23:27.390Z
2.41,Clear,2024-02-27T06:27:53.930Z
2.94,Clear,2024-02-27T05:26:50.775Z
2.87,Clear,2024-02-27T04:27:11.095Z
3.29,Clear,2024-02-27T03:24:55.070Z
3.52,Clear,2024-02-27T02:27:41.297Z
3.7,Clouds,2024-02-27T01:25:54.954Z
3.93,Clouds,2024-02-26T23:24:03.749Z
4.45,Clouds,2024-02-26T22:27:46.123Z
4.67,Clouds,2024-02-26T21:23:11.691Z
4.89,Clouds,2024-02-26T20:24:57.703Z
4.99,Clouds,2024-02-26T19:22:53.309Z
5.09,Clouds,2024-02-26T18:27:58.527Z
5.51,Clouds,2024-02-26T17:25:09.610Z
5.9,Clouds,2024-02-26T16:29:55.678Z
6.46,Clouds,2024-02-26T15:24:54.797Z
6.67,Clouds,2024-02-26T14:27:55.987Z
6.57,Clouds,2024-02-26T13:24:07.710Z
6.25,Clouds,2024-02-26T12:40:07.694Z
5.91,Clouds,2024-02-26T11:22:46.262Z
5.61,Clouds,2024-02-26T10:29:37.036Z
5.34,Clouds,2024-02-26T09:25:04.381Z
5.06,Clouds,2024-02-26T08:30:02.422Z
4.9,Clouds,2024-02-26T07:23:32.006Z
5.01,Clouds,2024-02-26T06:29:17.879Z
5.24,Clouds,2024-02-26T05:27:07.787Z
5.33,Clear,2024-02-26T04:28:27.762Z
5.36,Clear,2024-02-26T03:24:59.511Z
5.39,Clear,2024-02-26T02:31:53.411Z
5.59,Clear,2024-02-26T01:28:54.507Z
5.76,Clear,2024-02-25T23:23:23.074Z
5.74,Clear,2024-02-25T22:26:52.257Z
5.67,Clear,2024-02-25T21:22:41.709Z
5.98,Clouds,2024-02-25T20:22:46.631Z
6.02,Clouds,2024-02-25T19:22:47.071Z
6.59,Clouds,2024-02-25T18:26:43.358Z
7.1,Clouds,2024-02-25T17:26:58.722Z
8.07,Clouds,2024-02-25T16:29:06.864Z
8.81,Clouds,2024-02-25T15:22:42.016Z
8.7,Clouds,2024-02-25T14:25:19.546Z
8.6,Clouds,2024-02-25T13:22:54.991Z
8.43,Clouds,2024-02-25T12:37:07.966Z
7.86,Clouds,2024-02-25T11:22:50.484Z
7.37,Clouds,2024-02-25T10:26:47.537Z
6.27,Clouds,2024-02-25T09:22:39.880Z
5.66,Clouds,2024-02-25T08:25:33.756Z
5.36,Clouds,2024-02-25T07:22:36.398Z
5.29,Clouds,2024-02-25T06:26:49.730Z
5.14,Clouds,2024-02-25T05:26:19.646Z
5.12,Drizzle,2024-02-25T04:28:19.580Z
5.09,Clouds,2024-02-25T03:25:15.663Z
5.1,Clouds,2024-02-25T02:30:26.072Z
5.03,Clouds,2024-02-25T01:31:06.901Z
4.55,Clouds,2024-02-24T23:26:05.367Z
4.42,Rain,2024-02-24T22:26:38.353Z
4.62,Rain,2024-02-24T21:22:39.049Z
5.02,Rain,2024-02-24T20:22:42.792Z
5.47,Clouds,2024-02-24T19:22:49.226Z
5.54,Clouds,2024-02-24T18:27:29.316Z
5.96,Clouds,2024-02-24T17:28:19.352Z
6.16,Clouds,2024-02-24T16:27:56.435Z
5.86,Clouds,2024-02-24T15:23:59.427Z
5.44,Clouds,2024-02-24T14:24:30.342Z
5.68,Clouds,2024-02-24T13:24:47.792Z
5.93,Rain,2024-02-24T12:36:36.136Z
5.99,Clouds,2024-02-24T11:22:43.277Z
5.86,Clouds,2024-02-24T10:29:29.780Z
5.43,Clouds,2024-02-24T09:22:41.534Z
4.35,Clouds,2024-02-24T08:25:32.940Z
3.7,Clouds,2024-02-24T07:22:35.902Z
3.33,Clouds,2024-02-24T06:26:37.575Z
3.14,Clear,2024-02-24T05:28:08.793Z
3.49,Clear,2024-02-24T04:27:27.813Z
3.73,Clear,2024-02-24T03:25:27.914Z
3.85,Clouds,2024-02-24T02:25:41.747Z
4.1,Clouds,2024-02-24T01:19:01.435Z
5.02,Clouds,2024-02-23T23:24:43.851Z
5.17,Clouds,2024-02-23T22:26:26.819Z
5.16,Clouds,2024-02-23T21:22:35.917Z
5.54,Clouds,2024-02-23T20:24:54.513Z
5.29,Clouds,2024-02-23T19:22:36.559Z
5.88,Clouds,2024-02-23T18:28:48.925Z
7.03,Clouds,2024-02-23T17:27:32.658Z
7.65,Clouds,2024-02-23T16:28:57.450Z
8.1,Clouds,2024-02-23T15:26:21.934Z
8.26,Clouds,2024-02-23T14:26:35.922Z
8.33,Clouds,2024-02-23T13:24:07.775Z
7.98,Clouds,2024-02-23T12:38:58.214Z
7.22,Clouds,2024-02-23T11:24:46.278Z
6.28,Clouds,2024-02-23T10:29:29.069Z
5.19,Rain,2024-02-23T09:22:34.991Z
5.13,Rain,2024-02-23T08:28:04.417Z
5.55,Clouds,2024-02-23T07:23:38.724Z
5.25,Clouds,2024-02-23T06:28:45.923Z
5.19,Clouds,2024-02-23T05:27:03.431Z
5.25,Clouds,2024-02-23T04:26:25.371Z
5.89,Clouds,2024-02-23T03:24:22.861Z
6.08,Clouds,2024-02-23T02:28:17.977Z
6.29,Clouds,2024-02-23T01:25:52.573Z
4.81,Rain,2024-02-22T23:27:11.170Z
4.97,Drizzle,2024-02-22T22:26:38.635Z
5.53,Drizzle,2024-02-22T21:22:44.203Z
6.61,Drizzle,2024-02-22T20:23:27.689Z
9.04,Clouds,2024-02-22T19:22:43.407Z
9.66,Clouds,2024-02-22T18:28:37.131Z
12.12,Rain,2024-02-22T17:25:55.501Z
12.39,Rain,2024-02-22T16:30:20.854Z
12.12,Drizzle,2024-02-22T15:25:19.578Z
12,Drizzle,2024-02-22T14:28:54.979Z
11.48,Clouds,2024-02-22T13:25:20.455Z
11.56,Clouds,2024-02-22T12:40:09.887Z
11,Clouds,2024-02-22T11:22:37.881Z
10.81,Clouds,2024-02-22T10:28:18.023Z
9.83,Clouds,2024-02-22T09:26:04.198Z
9.59,Clouds,2024-02-22T08:28:32.216Z
9.16,Clouds,2024-02-22T07:22:53.063Z
9.07,Clouds,2024-02-22T06:28:23.172Z
9.6,Clouds,2024-02-22T05:27:32.230Z
9.66,Clouds,2024-02-22T04:26:59.722Z
9.86,Drizzle,2024-02-22T03:24:04.750Z
10.28,Drizzle,2024-02-22T02:27:47.475Z
10.21,Drizzle,2024-02-22T01:26:32.605Z
9.94,Drizzle,2024-02-21T23:24:04.945Z
9.75,Drizzle,2024-02-21T22:27:07.719Z
9.49,Drizzle,2024-02-21T21:22:43.194Z
9.25,Clouds,2024-02-21T20:24:18.714Z
9.05,Clouds,2024-02-21T19:22:50.680Z
8.9,Rain,2024-02-21T18:28:42.793Z
8.86,Rain,2024-02-21T17:29:07.819Z
8.8,Drizzle,2024-02-21T16:30:20.197Z
8.96,Drizzle,2024-02-21T15:23:50.881Z
9.85,Clouds,2024-02-21T14:26:39.606Z
10.01,Clouds,2024-02-21T13:24:10.741Z
10.02,Clouds,2024-02-21T12:40:23.093Z
9.57,Clouds,2024-02-21T11:22:48.460Z
9.39,Clouds,2024-02-21T10:29:42.790Z
9.22,Clouds,2024-02-21T09:25:36.875Z
9.06,Clouds,2024-02-21T08:29:35.973Z
9,Clouds,2024-02-21T07:22:50.206Z
9.12,Clouds,2024-02-21T06:28:20.560Z
9.22,Clouds,2024-02-21T05:27:28.995Z
9.29,Clouds,2024-02-21T04:27:31.965Z
9.36,Clouds,2024-02-21T03:24:07.376Z
9.51,Clouds,2024-02-21T02:28:03.852Z
9.48,Clouds,2024-02-21T01:27:44.976Z
9.33,Clouds,2024-02-20T23:23:17.769Z
9.64,Clouds,2024-02-20T22:27:29.147Z
9.79,Clouds,2024-02-20T21:22:49.255Z
9.85,Clouds,2024-02-20T20:25:00.630Z
9.72,Clouds,2024-02-20T19:22:57.105Z
9.67,Drizzle,2024-02-20T18:29:33.793Z
9.87,Clouds,2024-02-20T17:25:42.454Z
9.98,Clouds,2024-02-20T16:30:01.700Z
10.06,Clouds,2024-02-20T15:23:14.674Z
10.19,Clouds,2024-02-20T14:27:11.728Z
10.76,Clouds,2024-02-20T13:25:48.353Z
10.82,Clear,2024-02-20T12:39:22.118Z
9.46,Clouds,2024-02-20T11:22:46.545Z
8.93,Clear,2024-02-20T10:28:40.253Z
7.98,Clear,2024-02-20T09:23:21.105Z
7.26,Clear,2024-02-20T08:27:30.995Z
6.66,Clear,2024-02-20T07:23:31.072Z
6.55,Clear,2024-02-20T06:28:48.067Z
7.08,Clear,2024-02-20T05:28:39.898Z
7.17,Clear,2024-02-20T04:30:45.270Z
7.19,Clouds,2024-02-20T03:25:30.762Z
7.12,Clouds,2024-02-20T02:27:11.672Z
6.5,Clouds,2024-02-20T01:26:04.123Z
6.27,Clear,2024-02-19T23:22:47.617Z
6.51,Clear,2024-02-19T22:27:54.898Z
7.1,Clear,2024-02-19T21:22:47.728Z
7.72,Clouds,2024-02-19T20:23:34.754Z
7.98,Clouds,2024-02-19T19:22:48.935Z
8.13,Clouds,2024-02-19T18:28:05.640Z
8.55,Clouds,2024-02-19T17:26:14.137Z
8.79,Clouds,2024-02-19T16:31:19.947Z
9.09,Drizzle,2024-02-19T15:24:22.952Z
9.31,Clouds,2024-02-19T14:27:36.185Z
9.3,Clouds,2024-02-19T13:24:19.455Z
9.94,Clouds,2024-02-19T12:41:14.872Z
10.48,Clouds,2024-02-19T11:22:39.981Z
9.94,Clouds,2024-02-19T10:29:27.818Z
9.4,Clouds,2024-02-19T09:24:18.930Z
9.17,Clouds,2024-02-19T08:28:24.281Z
8.85,Clouds,2024-02-19T07:23:38.976Z
8.94,Clouds,2024-02-19T06:29:32.135Z
8.82,Clouds,2024-02-19T05:26:55.002Z
8.61,Clouds,2024-02-19T04:27:54.546Z
8.21,Clouds,2024-02-19T03:24:23.324Z
8.28,Clouds,2024-02-19T02:29:45.516Z
8.44,Clear,2024-02-19T01:28:54.803Z
8.48,Clouds,2024-02-18T23:22:57.855Z
8.44,Clouds,2024-02-18T22:28:17.389Z
8.51,Clouds,2024-02-18T21:22:42.347Z
8.6,Drizzle,2024-02-18T20:23:26.338Z
8.74,Drizzle,2024-02-18T19:23:00.812Z
8.82,Rain,2024-02-18T18:25:58.752Z
9.2,Rain,2024-02-18T17:26:02.682Z
9.29,Drizzle,2024-02-18T16:29:12.156Z
9.86,Drizzle,2024-02-18T15:24:36.338Z
9.57,Clouds,2024-02-18T14:26:04.508Z
9.14,Drizzle,2024-02-18T13:23:43.415Z
9.03,Drizzle,2024-02-18T12:37:34.170Z
8.92,Drizzle,2024-02-18T11:23:00.448Z
8.89,Drizzle,2024-02-18T10:28:04.017Z
9.02,Drizzle,2024-02-18T09:22:31.660Z
9.03,Drizzle,2024-02-18T08:27:05.357Z
9.34,Drizzle,2024-02-18T07:24:20.551Z
9.46,Drizzle,2024-02-18T06:27:28.878Z
9.66,Drizzle,2024-02-18T05:26:59.225Z
9.95,Rain,2024-02-18T04:26:52.237Z
10.38,Drizzle,2024-02-18T03:23:57.696Z
10.62,Rain,2024-02-18T02:29:11.859Z
10.32,Clouds,2024-02-18T01:31:22.423Z
10.29,Clouds,2024-02-17T23:22:51.436Z
10.28,Clouds,2024-02-17T22:28:27.327Z
10.34,Clouds,2024-02-17T21:22:33.930Z
10.26,Drizzle,2024-02-17T20:22:51.950Z
10.77,Clouds,2024-02-17T19:22:50.854Z
10.67,Clouds,2024-02-17T18:26:03.425Z
10.97,Clouds,2024-02-17T17:26:56.495Z
11.48,Clouds,2024-02-17T16:28:29.446Z
11.66,Clouds,2024-02-17T15:24:09.422Z
11.35,Clouds,2024-02-17T14:25:44.111Z
11.2,Clouds,2024-02-17T13:22:46.272Z
10.89,Clouds,2024-02-17T12:36:54.139Z
10.61,Clouds,2024-02-17T11:22:32.959Z
10.31,Clouds,2024-02-17T10:27:29.201Z
9.58,Clouds,2024-02-17T09:22:44.029Z
8.93,Clouds,2024-02-17T08:26:07.698Z
8.52,Clouds,2024-02-17T07:22:48.967Z
8.76,Clouds,2024-02-17T06:27:30.008Z
9.08,Clouds,2024-02-17T05:25:36.291Z
9.03,Clouds,2024-02-17T04:30:14.807Z
9.23,Clouds,2024-02-17T03:24:14.941Z
9.36,Clouds,2024-02-17T02:26:55.657Z
9.49,Clouds,2024-02-17T01:26:08.958Z
9.32,Clouds,2024-02-16T23:22:44.231Z
9.42,Clouds,2024-02-16T22:26:41.832Z
9.51,Clouds,2024-02-16T21:22:35.287Z
9.5,Clouds,2024-02-16T20:23:25.948Z
9.69,Clouds,2024-02-16T19:22:43.696Z
10.27,Clouds,2024-02-16T18:27:59.982Z
10.83,Clouds,2024-02-16T17:24:36.324Z
11.06,Clouds,2024-02-16T16:29:36.128Z
11.54,Clouds,2024-02-16T15:24:41.277Z
11.45,Clouds,2024-02-16T14:26:59.187Z
10.91,Clouds,2024-02-16T13:23:57.302Z
10.91,Clouds,2024-02-16T12:40:07.591Z
10.73,Drizzle,2024-02-16T11:22:54.247Z
11.16,Drizzle,2024-02-16T10:29:58.066Z
12.38,Drizzle,2024-02-16T09:22:55.788Z
11.77,Clear,2024-02-16T08:27:30.411Z
10.84,Clear,2024-02-16T07:22:44.471Z
10.44,Clear,2024-02-16T06:29:31.837Z
10.77,Clear,2024-02-16T05:27:15.854Z
10.79,Clear,2024-02-16T04:27:01.986Z
10.87,Clear,2024-02-16T03:24:46.538Z
11.12,Clear,2024-02-16T02:28:21.566Z
11.33,Clear,2024-02-16T01:26:51.268Z
12,Clear,2024-02-15T23:24:41.955Z
12.8,Clear,2024-02-15T22:27:01.543Z
12.83,Clear,2024-02-15T21:22:33.496Z
12.89,Clear,2024-02-15T20:22:47.179Z
13.2,Clear,2024-02-15T19:22:48.994Z
13.1,Clear,2024-02-15T18:28:19.465Z
13.59,Clear,2024-02-15T17:26:25.592Z
14.42,Clear,2024-02-15T16:29:38.760Z
14.96,Clear,2024-02-15T15:24:19.359Z
15.32,Clouds,2024-02-15T14:26:49.340Z
14.71,Clouds,2024-02-15T13:24:06.552Z
13.61,Clouds,2024-02-15T12:39:28.592Z
12.76,Clouds,2024-02-15T11:22:46.367Z
12.31,Clouds,2024-02-15T10:29:19.266Z
12.01,Clouds,2024-02-15T09:26:28.346Z
11.85,Clouds,2024-02-15T08:27:43.722Z
11.84,Drizzle,2024-02-15T07:22:39.875Z
11.86,Drizzle,2024-02-15T06:28:59.189Z
11.79,Rain,2024-02-15T05:27:23.032Z
11.71,Clouds,2024-02-15T04:27:57.963Z
11.74,Clouds,2024-02-15T03:25:41.277Z
11.68,Clouds,2024-02-15T02:29:41.243Z
11.69,Clouds,2024-02-15T01:27:37.593Z
11.53,Clouds,2024-02-14T23:25:07.911Z
11.42,Clouds,2024-02-14T22:27:31.809Z
11.23,Clouds,2024-02-14T21:22:56.162Z
11.41,Drizzle,2024-02-14T20:23:54.325Z
11.18,Drizzle,2024-02-14T19:22:57.074Z
11.24,Drizzle,2024-02-14T18:29:17.165Z
11.33,Drizzle,2024-02-14T17:25:47.611Z
11.58,Clouds,2024-02-14T16:30:12.794Z
11.71,Clouds,2024-02-14T15:23:51.117Z
11.71,Clouds,2024-02-14T14:27:25.617Z
11.67,Drizzle,2024-02-14T13:23:51.202Z
11.61,Clouds,2024-02-14T12:40:28.802Z
11.27,Clouds,2024-02-14T11:22:55.768Z
11,Drizzle,2024-02-14T10:29:15.332Z
10.88,Clouds,2024-02-14T09:24:31.693Z
10.91,Drizzle,2024-02-14T08:34:09.713Z
10.91,Drizzle,2024-02-14T08:27:50.638Z
10.75,Clouds,2024-02-14T07:23:03.997Z
10.68,Clouds,2024-02-14T06:28:33.093Z
10.49,Clouds,2024-02-14T05:26:51.902Z
10.3,Clouds,2024-02-14T04:27:49.282Z
9.83,Clouds,2024-02-14T03:25:23.061Z
9.48,Drizzle,2024-02-14T02:28:27.143Z
8.93,Drizzle,2024-02-14T01:28:04.944Z
7.8,Drizzle,2024-02-13T23:26:54.352Z
7.8,Drizzle,2024-02-13T23:23:39.883Z
7.33,Drizzle,2024-02-13T22:29:43.283Z
7.33,Drizzle,2024-02-13T22:25:45.854Z
